0,1,2,3,4,5,llama_7B_llamatokenizer_alpacacode_sharegpt_qy_vic_3250_correct,llama_7B_llamatokenizer_alpacacode_sharegpt_qy_vic_3250_choiceA_probs,llama_7B_llamatokenizer_alpacacode_sharegpt_qy_vic_3250_choiceB_probs,llama_7B_llamatokenizer_alpacacode_sharegpt_qy_vic_3250_choiceC_probs,llama_7B_llamatokenizer_alpacacode_sharegpt_qy_vic_3250_choiceD_probs
"Unlike most other early civilizations, Minoan culture shows little evidence of:",trade.,warfare.,the development of a common religion.,conspicuous consumption by elites.,D,False,0.5311212,0.2842887,0.09229503,0.09229503
The greatest Egyptian pyramids at Giza were built:,"as burial monuments for the pharaoh Khufu, Khufu's son Khafre, and Khufu's grandson Menkaure.","by slaves who were coerced and worked under the threat of death, as described in the book of Exodus of the Old Testament.",in the construction frenzy of the 6th dynasty.,all of the above.,A,True,0.7028857,0.1384064,0.05091687,0.107791014
"When anatomically modern humans first arrived in the Middle East, who did they encounter?","Neandertals, the evolutionary descendants of the premodern human inhabitants of Europe and Asia","Homo erectus, the evolutionary descendants of the premodern human inhabitants of Europe and Asia","Homo sapiens, who had evolved independently in Asia and arrived there by 200,000 years ago",All of the above,A,True,0.7321163,0.12722273,0.028387228,0.11227367
The “Lion Man” from Hohlenstein-Stadel cave is an example of:,mobiliary art.,long-distance trade of exotic raw materials.,parietal art.,a Venus figurine.,A,True,0.6439141,0.2090483,0.08714429,0.059893344
"At its peak, the palace at Knossos is thought to have had over _________ rooms.",100,500,"1,000","5,000",C,False,0.45961514,0.19159609,0.21710682,0.13168195
"The Hopewell were complex rank societies, but they were not a state. Hopewell culture lacked all of the following elements EXCEPT:",formal government,monumental earthworks,urban centers,a permanent military,B,False,0.5561948,0.18057,0.058622498,0.20461263
Markings found on the mud-bricks of Huaca del Sol are probably:,instructions for the builders written there by the engineers.,random scratches and not a meaningful script or written language.,intended to identify the local group that had produced them.,simple arithmetic performed by carpenters on the building site.,C,False,0.5723103,0.23857443,0.16396967,0.02514556
The 30 upright stones at Stonehenge are called _______; the horizontal stones are _________.,"legumes, sarsens","lintels, stelae","sarsens, lintels","trilithon, tholoi",C,False,0.59394747,0.24759413,0.103212595,0.055245724
"The secondarily altricial condition of modern human babies may have been an evolutionary solution, in that:","the brain size of hominids had not grown for more than a million years, making it difficult for babies to walk.",it allowed for bipedalism and independence from the mother at an earlier age.,"it allowed for subsequent growth of the brain, since bipedalism had resulted in a narrowed birth canal in the female pelvis.","it allowed for growth of the brain to nearly adult size prior to birth, since bipedalism had resulted in a wider birth canal in the female pelvis.",C,False,0.5321521,0.36574244,0.038548972,0.06355651
Research on C3 and C4 pathways indicates that changes in plant communities were associated with a transition in the diets of ancient hominids from:,species focused on grasses to nuts and fruits.,meat to fruits and vegetables.,fruits and vegetables to fish.,nuts and fruits to species more focused on grasses.,D,False,0.6938738,0.25526193,0.034545943,0.01631835
Which of the following is evidence of new uses for plants during the Middle Stone Age?,the use of seeds as a natural insecticide in Altamira cave in southwestern Europe,plant materials such as flowers in Aurignacian burials in southern France,plant material lining the floor of Sibudu Cave in South Africa,the use of wood in the Gravettian tradition to make spear-throwers and canoes,C,False,0.6512745,0.21143787,0.06864382,0.06864382
That modern Africans do not possess any Neandertal DNA indicates that:,Gene flow between Neandertals and anatomically modern humans must have occurred before Neandertals migrated out of Africa.,Gene flow between Neandertals and anatomically modern humans occurred after anatomically modern humans migrated out of Africa.,"Neandertals who lived in Africa did not interbreed with anatomically modern humans, but must have followed them when they migrated out of Africa.",Interbreeding between anatomically modern humans and Neandertals never occurred.,B,False,0.772967,0.17247225,0.020598872,0.0339618
"Toward the end of the Pleistocene, between 28,000 and 18,000 years ago, worldwide sea level was much lower than present day, resulting in the exposure of a landmass east of Siberia called __________. This period is called the _______.",Beringia; Late Beringian Period,Sundaland; McKenzie Maximum,Beringia; Late Glacial Maximum,Wallacea; Late Laurentide Period,C,False,0.81266093,0.12462559,0.045847192,0.016866239
Which archaeological method is best for identifying large-scale land modifications?,test pits,ground-penetrating radar,aerial photography,proton magnetometers,C,False,0.49245664,0.20528647,0.20528647,0.09697046
What designation for a pottery style was eventually applied to an entire cultural complex that moved across the Pacific?,Clovis,Nenana Complex,Lapita,Micronesian Pottery Tradition,C,True,0.13715376,0.22612832,0.54245365,0.094264306
What is one of the differences between simple foragers and complex foragers?,Complex foragers employ irrigation technology.,Complex foragers rely on a wider range of food sources.,Complex foragers are more highly mobile.,Complex foragers focus on a few highly productive resources.,D,False,0.38459024,0.49382365,0.085813686,0.035772465
The significance of Frere's discovery was that what he found was located:,beneath the remains of extinct animals.,"on the surface, above the remains of extinct animals.",in a region of Africa where no one thought humans had ever lived.,on top of the ruins of a Medieval castle.,A,True,0.6091668,0.28775,0.0727546,0.030328628
What is the earliest form of writing in the world and where did it develop?,"cuneiform, in Mesopotamia","hieroglyphics, in Egypt","clay-tablets, at Knossos","runes, at Stonehenge",A,True,0.74471605,0.16616862,0.07849249,0.010622803
A pattern of social integration in which individuals are placed into a hierarchy of social levels is called:,urbanization.,a social system.,social stratification.,a necropolis.,C,False,0.5836978,0.2757193,0.11493691,0.025645891
The Minoan economy may have been especially vulnerable to natural catastrophe because it relied heavily on:,agriculture,maritime trade,metalworking,slave labor,B,False,0.74614626,0.21377449,0.022531666,0.017547678
"The _______ developed one of the earliest kingdoms in South America, reaching its height at around _________.",Moche; AD 400,Wari; AD 100,Inca; AD 200,Maya; AD 400,A,False,0.29548073,0.23012061,0.33482352,0.1395752
"What is the name of the lithic technology seen in the Arctic and consisting of wedge-shaped cores, micro-blades, bifacial knives, and burins?",Clovis Complex,Denali Complex,Folsom Complex,Nenana Complex,B,False,0.62045896,0.20143352,0.1568766,0.021230938
Which of the following is used to remove the soil enclosing site materials?,brushes,trowels,dental picks,all of the above,D,False,0.72229034,0.1422274,0.024715416,0.11076681
"A continuous, projecting ridge of bone above and across the eye orbits is called the:",sagittal crest.,supraorbital torus.,maxilla.,occipital bone.,B,False,0.90180063,0.06532622,0.024032172,0.008840942
Ancestral Puebloan culture in Chaco Canyon was comprised of:,around 75 substantial settlements and more than 300 smaller communities.,more than 500 towns and villages with monumental architecture.,between 30 and 40 farmsteads and three large pueblos.,one large city state with more than 300 outlying farmsteads.,A,True,0.73556614,0.21074323,0.02516969,0.028520994
The Yang-shao culture gave way to the Lung-Shan sometime after:,"6,000 B.P.","5,000 B.P.","4,000 B.P.","3,000 B.P.",B,True,0.32389003,0.41588303,0.19644924,0.06377773
The most prominent feature of the food resource base of post-Pleistocene Europe was its:,dependence on megafauna.,hunting and gathering.,dependence on fur-bearing animals.,diversity.,D,False,0.69183666,0.2545125,0.026825419,0.026825419
Evidence of wild grain harvesting and consumption in Israel dates to as early as,"20,000 B.P.","12,000 B.P.","10,000 B.P.","8,000 B.P.",A,True,0.53381187,0.32377326,0.0927626,0.04965224
Civilization in the Indus Valley was characterized by:,highly centralized economies.,carefully planned and designed cities.,standardized weights and measures.,all of the above.,D,False,0.668428,0.14914645,0.03327907,0.14914645
"According to one theory, the power of Ancestral Pueblo elites emerged when certain groups:",predicted astronomical events such as eclipses and meteor showers.,constructed monuments and elaborate multi-storied cliff dwellings.,stored food surpluses in good years for distribution in bad years.,incorporated other societies through conquest warfare.,C,False,0.6680712,0.2784935,0.033261307,0.020174002
"Teotihuacán came to prominence in the Basin of Mexico after its rival, Cuicuilco,",was crippled by a volcanic eruption.,succumbed to a civil war among its ruling families.,suffered a blight on its crops.,was flooded by a Gulf Coast hurricane.,A,True,0.62647647,0.23046781,0.05827139,0.084784366
Evidence from northwest coast societies indicates that what is ultimately needed for the development of social complexity is:,agriculture.,irrigation technology.,social stratification.,a food surplus.,D,False,0.5855464,0.27659252,0.089796446,0.048064575
Which subfield of anthropology aims to better understand the nearest living relatives of humans?,paleoanthropology,archaeology,primatology,linguistics,C,False,0.88759565,0.09355189,0.01117318,0.0076792073
How did Aurignacian technology differ from Mousterian technology?,Mousterian technology produced more projectile points.,Mousterian technology produced more usable blade surface.,Aurignacian technology produced more usable blade surface.,Aurignacian technology was focused on the production of hand axes.,C,False,0.4240453,0.4240453,0.10721544,0.044694044
Which of the following is evidence of a complex society?,monumental works,burials with grave goods,leisure and a sedentary lifestyle,all of the above,A,True,0.75875556,0.13185194,0.029420145,0.079972245
"The face of Homo erectus was more ________ than modern humans, but less so than Homo habilis.",altricial,hairy,occipital,prognathous,D,False,0.53253114,0.2850434,0.11882376,0.06360178
Montezuma ruled over millions of people from the _______ capital of _____.,Maya; Tikal.,Aztec; Tenochtitlán.,Teotihuacános; Teotihuacán.,Zapotec; Monte Albán.,B,False,0.5596399,0.3846345,0.027862828,0.027862828
"The belief that all of the characteristics of civilization developed in one place, such as Egypt, and from there spread out to the rest of the world is known as:",cultural evolution,migrationism,diffusionism,anti-originalism,C,False,0.4578707,0.2777126,0.115767844,0.14864884
"When the ratio of brain size to body size is compared, which species has a proportionally larger brain?",Homo erectus,premodern Homo sapiens,Neandertals,modern Homo sapiens,D,False,0.7217123,0.20677404,0.052280664,0.01923298
"The royal graves of the Shang Dynasty consisted of enormous cruciform-shaped tombs, where the deceased kings were buried with:","jade, bronze, and ceramic artifacts.",chariots and horses.,the headless bodies of humans who had been sacrificed.,all of the above.,D,False,0.726647,0.09834098,0.031926643,0.14308529
The above hominid species discovered in Malapa Cave in South Africa has been classified as:,Homo habilis,Australopithecus sediba.,Homo sapiens.,Australopithecus robustus,B,True,0.31403184,0.5866887,0.02920951,0.070069976
Ethnographic evidence supports which of the following connections between surplus food and social complexity?,Only agriculturalists can produce the food surplus necessary for economic inequality.,Some resource-rich environments allow for the creation of surpluses that can lead to economic inequalities and social complexity.,Economic inequalities are the foundation of social complexity and entirely dependent on agriculture for the production of surplus food.,The production of surplus food is not important in the development of economic inequalities or social complexity.,B,False,0.63979495,0.30221772,0.036094762,0.02189258
Which of the following was the greatest advantage of using fire in human evolution?,Fire offers protection from predators and enemies.,Fire makes meat more digestible and kills bacteria.,Fire produces light and heat.,Fire can be used in warfare and to clear fields.,B,False,0.5202018,0.24572593,0.19137156,0.042700764
"Palynology is the study of _________, which allows scientists to reconstruct ______.",foraminifera; a master sequence of tree rings.,coprolites; paleopathology and sexual dimorphism.,pollen; plant communities and climate.,phytoliths; artificial selection and photosynthesis pathways.,C,False,0.6808159,0.071757466,0.22102855,0.026398096
What was the unifying element of Olmec culture?,religious iconography,large armies,agricultural surpluses,all of the above,A,True,0.63727385,0.12548666,0.07611151,0.16112806
Which of the following ancient civilizations has a written language that is the furthest from being fully deciphered?,the Indus Valley,Egyptian,Mesopotamian,Chinese,A,False,0.199784,0.4792569,0.199784,0.12117512
The sophisticated stone tool making industry at the Pinnacle Point site in South Africa is evidence of:,"a 250,000-year-old tradition of hand axe production and use.","a 71,000-year-old complex sequence of microblade production and use.",an adaptation to hunting in colder environments.,both a and c.,B,False,0.5199028,0.27828395,0.0703612,0.13145202
"Early evidence of complexity in Mayan societies is suggested by the appearance, around 2650 B.P., of:",finely carved obsidian statuary.,decorated stepped platforms.,the introduction of chocolate into the Mesoamerican economy.,a ritual ball game in which the losers were sacrificed to the gods.,B,False,0.64809704,0.23842159,0.053199045,0.060282417
What do anthropologists NOT need to know to determine when people entered the Americas from Siberia?,When sled dogs were first domesticated,When the Bering Strait was exposed and open for travel,When eastern Siberia was first inhabited,The age of the earliest New World sites,A,True,0.641826,0.14321074,0.052684285,0.16227902
When did Aborigines occupy the harsh interior of Australia?,"10,000–12,000 years ago","20,000–25,000 years ago","35,000–40,000 years ago","40,000–45,000 years ago",B,False,0.76699394,0.19392644,0.02316121,0.01591845
What do the Hassunan and Samarran sites in Mesopotamia have in common?,Both relied heavily on agriculture.,Both have an abundance of rare luxury items.,Both have high-status burials.,Both have sophisticated monumental architecture.,A,True,0.5461999,0.29235977,0.12187368,0.03956659
Which crop is South America's most significant agricultural contribution to Europe?,rice,potatoes,squash,beans,B,True,0.35780695,0.5899239,0.04273395,0.009535232
What distinguishes the trade patterns of the Mesolithic from those of the Upper Paleolithic?,"in the Mesolithic, goods traveled farther and more goods were exchanged","in the Mesolithic, goods traveled farther but fewer goods were exchanged","in the Mesolithic, goods traveled less far but more goods were exchanged","in the Mesolithic, goods traveled less far and fewer goods were exchanged",C,False,0.6800031,0.25015917,0.043471143,0.026366582
A celebration in which wealth is redistributed is called a:,potlatch.,kiva parties.,totem feasts.,sinagua.,A,True,0.6749484,0.21912366,0.062779985,0.043148007
Which of the following are techniques of trace element analysis?,proton magnetometer and electrical resistivity,accelerator mass spectrometry and photosynthesis pathways,carbon isotope analysis and experimental replication,neutron activation analysis and X- ray fluorescence,D,False,0.8563908,0.09026292,0.033205874,0.020140382
The Chinese process of divining the future by examining fired animal bones is called:,hang-t'u.,sarsen divination,scapulimancy,cylinder seal prophecy,C,False,0.6720328,0.19254062,0.08026287,0.05516381
How have archaeologists characterized the monuments built by the Olmec?,Halafian ritual monuments,megalithic chiefdoms,surplus food storage centers,regal-ritual centers,D,False,0.5576165,0.23244913,0.12442105,0.08551326
The ethics of conducting archaeological research on sites with human remains of indigenous North American ancestors is addressed by the Native American Graves Protection and Repatriation Act. Problems often arise when:,both non-indigenous archaeologists and Native Americans are allowed onto the site at the same time.,there are no Native Americans who have been trained as archaeologists and no archaeologists who are Native American.,neither archaeologists nor Native Americans can agree on the exact location of burials at the site.,"burials are so ancient that establishing historical or genealogical connections with modern, living groups of people is impossible.",D,False,0.5246735,0.2808375,0.09117459,0.10331434
"Which culture, previously-known as the temple-mound builders, based their subsistence primarily on maize and squash agriculture?",Ancestral Puebloan,Hohokam,Mississippian,Adena,C,False,0.43304,0.10948966,0.43304,0.024430444
The city of Uruk and the cultures of the Maya and the Moche were all adversely affected by:,invasion.,drought.,civil war.,earthquakes.,B,False,0.6834552,0.22188543,0.056101423,0.038557906
What is the wild progenitor of maize?,einkorn,emmer,teosinte,legumes,C,True,0.29783642,0.12415668,0.55643165,0.021575196
"In comparison to the Middle Paleolithic, Upper Paleolithic tool technologies:",emphasized flakes over blades.,changed rapidly.,involved elaborate preparation of core tools.,all of the above,B,False,0.6337215,0.20573923,0.035752118,0.12478716
Recent genomic analyses of Neandertals and modern human populations indicate that:,"between 1% and 4% of the genome of modern humans with European and Asian ancestry originated from Neandertal populations, most likely through interbreeding.","Neandertal populations were entirely distinct and separate from anatomically modern humans, with no evidence of interbreeding.",anatomically modern humans throughout the world uniformly share approximately 16% of their genome with Neandertal populations.,"modern Africans share more than 4% of their genome with Neandertals, far greater than modern European and Asian populations, indicating a lengthier time of successful interbreeding.",A,True,0.71716994,0.20547263,0.03151025,0.04584714
Which of the following is a remote-sensing device used at archaeological sites?,ground-penetrating radar,proton magnetometer,electrical resistivity,all the above,D,False,0.72626084,0.11137571,0.019354196,0.14300925
"Genetic studies of the two primary varieties of rice, japonica (short-grained), and indica (long-grained), suggest that:","each is more closely related to one another than their local wild ancestors, suggesting that these modern varieties of rice were developed recently in east Asia.","each is more closely related to local wild ancestors than one another, suggesting that these modern varieties of rice were domesticated separately in east Asia and south Asia.","each is unrelated to one another, suggesting that these modern varieties of rice were domesticated independently in east Asia and western Europe.","each is closely related to their local wild ancestors, suggesting that domestication must have occurred very recently and no earlier than 2,000 years ago.",B,False,0.7623744,0.17010872,0.037956387,0.029560464
What do the amount of grave goods buried with the children at Sungir' indicate?,The tribe spent most of their time carving beads.,The tribe was involved in an intricate trade network.,The tribe had a complex system of inherited social statuses.,The children were sometimes leaders of the tribe.,C,False,0.3942759,0.3942759,0.16435865,0.047089543
"At its peak, the population of the city of Teotihuacán may have reached:","50,000 people.","200,000 people.","500,000 people.","1,000,000 people.",B,False,0.49642128,0.34118503,0.08626509,0.07612867
Nubian civilization:,predated and spurred the rise of Egyptian culture.,was the result of Mesopotamian colonization in the south.,"developed in response to, but not in imitation of, Egyptian culture.",had no contacts with neighboring cultures.,C,False,0.63611275,0.26517123,0.067045785,0.031670187
Having a forward-thrusting lower face is called,arboreal.,prognathous.,diastema.,mandible.,B,False,0.55740875,0.29835942,0.085481405,0.058750447
What may have caused the Ancestral Puebloans to abandon Mesa Verde?,the population outstripped the productive capacity of the environment,drought,a new religion attracted them to the south,all of the above,D,False,0.75331575,0.11552472,0.02920922,0.1019502
Which species is most typically first associated with the fashioning and use of stone tools?,Homo habilis,Ardipithecus ramidus,Homo sapiens,Australopithecus robustus,A,True,0.63641554,0.1420035,0.20661387,0.01496706
A design that is not painted upon but is etched into a rock face is called a:,pictograph.,petroglyph.,pictorial.,petrification.,B,False,0.5815784,0.3997126,0.013677413,0.005031639
"The Gault site in south-central Texas has produced evidence from 13,000 years ago that Paleoindians chose this location based on the:",nearness of the site to navigable rivers and the Gulf coast.,"abundance of wild game, plants, and fish in a rich and diverse woodland environment.",proximity to a local source of chert for quarrying and making stone tools.,nearby location of migratory routes of large mammals such as bison.,C,False,0.7718121,0.19514465,0.020568095,0.01247518
The early Mesolithic Maglemosian culture was adapted to:,a tundra environment.,a desert environment.,a forest and lakeside environment.,an equatorial environment.,C,False,0.37551627,0.29245237,0.29245237,0.039579123
How were the first metals worked in South America?,casting,hammering,smelting,all of the above,B,False,0.44391742,0.20969173,0.26924953,0.077141285
"What is the Aztec word for a spear-throwing device developed in Europe more than 30,000 years ago?",chunkey.,atlatl.,burin.,petroglyph.,B,True,0.36672,0.604619,0.016112551,0.012548467
The directed breeding of plants and animals by humans is called:,foraging.,artificial selection.,natural selection.,herding.,B,True,0.43070337,0.55303407,0.011477856,0.0047846823
"Interestingly, none of the civilizations of ancient South America appear to have developed:",monumental works.,irrigation technology.,a written language.,significant armies.,C,False,0.5485293,0.22866105,0.0841197,0.13868994
Which of the following is not a hypothesis for why hominids walked on two legs?,it freed the hands to carry things,it allowed for braincase expansion,it expended less energy than quadrupedalism for going long distances,it allowed hominids to see greater distances,B,False,0.22528733,0.28927466,0.0645459,0.42089212
When did the first pharaohs emerge in Egypt?,3100 B.P.,4100 B.P.,5100 B.P.,6100 B.P.,C,False,0.49382365,0.38459024,0.085813686,0.035772465
There is evidence that the Hohokam borrowed which practice from Mesoamerican culture?,ritual consumption of maize beer,ritual human sacrifice,playing ritual ball games,construction of stepped pyramids,C,False,0.49651942,0.23453917,0.18265928,0.086282134
One of the less obvious reasons for the Inca to fight so many wars may have been:,to develop a story line for powerful epic poetry.,to identify and cultivate talented leaders.,"to kill off a certain percentage of the young male population, thus preventing revolution.",to appease the gods of war.,B,False,0.43095013,0.3356243,0.1585377,0.0748879
The name Teotihuacán was given to the city by:,"the Aztecs, who continued to make pilgrimages there long after its collapse.","the Spanish invaders, who largely destroyed it.","the city's first king, who named it after his favorite deity.","Olmec traders, who were impressed with its grandeur.",A,True,0.64117736,0.23587598,0.08677392,0.03617275
Which culture hosted the above celebration?,the Ancestral Puebloans of the southwestern desert,the Mogollon of the southwestern mountains,the Kwakiutl of the Pacific Northwest,the Hopewell of the American Midwest,C,False,0.32222173,0.25094652,0.32222173,0.10461008
"Of the following, which is the earliest example of the development of a complex society?",Jericho in Israel,Caral in Peru,Stonehenge in England,Olmec along the Gulf Coast,A,True,0.67856026,0.282866,0.018083017,0.020490745
Archaeological evidence for the domestication of cats suggests it occurred when and why?,"before 22,000 years ago, as a result of the shift from opportunistic foraging to logistical collecting","before 11,000 years ago, as a direct result of artificial selection","after 11,000 years ago, as an unintentional consequence of food production and storage","after 9,000 years ago, as an unintentional result of the domestication of cattle and production of milk and cheese",C,False,0.5557113,0.26249945,0.0852211,0.09656815
The most obvious material symbols of ancient state societies are:,stone tablets.,pyramids.,monumental works.,irrigation canals.,C,False,0.68418014,0.2516958,0.03406332,0.030060777
What is the evidence for trade between Indus Valley cities and the city states of ancient Mesopotamia?,Obsidian tools have been found at sites in both regions.,"Glass beads, copper, and gold from Mesopotamia have been found at Harappan sites in the Indus Valley.",Harappan seals have been found in Mesopotamia and Mesopotamian cylinder seals have been found in the Indus valley.,All of the above.,C,False,0.75602686,0.1686924,0.03764036,0.03764036
At the end of the Miocene many species of ape became extinct due to:,humans killing them.,an asteroid hitting the Yucatan Peninsula.,a change in the environment.,dinosaurs eating them.,C,False,0.46471682,0.41011116,0.09150817,0.033663973
Some of the oldest painted art in the world was recently discovered in caves on the island of Sulawesi in Indonesia. What do the images include and to when do they date?,"animals and human bodies from more than 15,000 to about 20,000 years ago","animals and hand stencils from more than 35,000 to about 40,000 years ago","animals and hand stencils from more than 45,000 to about 100,000 years ago","animals and abstract geometric shapes from 15,000 to more than 100,000 years ago",B,False,0.8793044,0.092678,0.01824938,0.00976819
A person who believes that the current appearance of the earth can be best explained as having resulted from a series of natural disasters is known as a(n):,paleoanthropologist.,natural scientist.,evolutionist.,catastrophist.,D,False,0.34182414,0.2662129,0.2662129,0.12575008
What contributes to societies becoming more complex?,"Surplus food is stored in large, collective facilities.",Crop irrigation requires the construction of dams or canals.,Sedentary communities need to defend themselves.,All of the above.,D,False,0.6107874,0.12027117,0.04424529,0.22469613
A(n) _________ contains primary refuse; a _________ contains secondary refuse.,kitchen; garden,activity area; burial,picnic site; trash dump,activity area; recycling area,C,False,0.7799029,0.11960199,0.056495976,0.04399911
Artifacts _________; ecofacts __________,are valuable and rare; are easy to come by.,decay rapidly; last for a long time.,are made by humans; exhibit traces of human activity.,are facts about art; are facts about nature.,C,False,0.76368254,0.103353195,0.117114514,0.015849724
Pompeii was unusually well preserved because:,the layer of volcanic pumice created a seal over the remains.,avalanches pushed the remains into the sea and seawater preserves things.,poisonous volcanic gases killed people instantly.,the Romans embalmed the victims with salt from seawater.,A,True,0.76578975,0.1708708,0.033646453,0.02969289
Charles Lyell argued that the Earth must be extremely old based on the fact that:,many processes that can be observed act extremely slowly.,uniformitarianism can account for significant geological features.,erosion works incredibly slowly.,All of the above.,D,False,0.65430236,0.14599459,0.053708408,0.14599459
"Homo floresiensis from the island of Flores dates from around 35,000 to 14,000 years ago, and according to some researchers, is similar or related to:",Homo erectus.,Homo habilis.,Homo ergaster.,Australopithecus afarensis.,A,True,0.49708933,0.23480837,0.14241847,0.12568386
Subsistence practices of people can be determined by recovering and studying:,the faunal assemblage from a site.,an osteological comparative collection from a site.,pumice and evidence of pyroclastic surges.,all of the above.,A,True,0.821302,0.11115114,0.015042671,0.052504078
"When the Spanish explorer Hernando de Soto crossed a portion of the North American continent, his expedition encountered direct descendants of which people?",Mississippian,Adena,Ancestral Puebloan,Kwakiutl,A,True,0.66012937,0.18913023,0.089338794,0.0614016
"Following the classical period, which ended around A.D. 800, Mayan civilization:","inexplicably disappeared, then began a slow development ending with Aztec civilization.","entered the second classical period, lost a great war with Teotihuacán, and faded away.","fell into decline, moved its center north, resurged, and fell into decline once again.",fell into a sudden decline; the population disappeared and never again built monumental structures.,C,False,0.491849,0.29832152,0.08547054,0.1243589
"During the late Miocene, carbon isotope analysis indicates environmental changes that would have impacted the hominid ancestors of modern humans. These changes are best characterized as:",a sudden drop in global temperatures resulting in a return to ice age conditions.,a sudden rise in global temperatures resulting in rising sea levels.,"an expansion of grasslands and reduction in woodlands, resulting in regional mosaic environments.",a decline in large mammal populations and relative increase in other classes of vertebrate species.,C,False,0.5812656,0.3111291,0.07866575,0.028939512
"Which of the following characteristics of modern humans is the most ancient, pre-dating the Late Stone Age, the Upper Paleolithic and even anatomically modern humans?",elaborate burials,larger sites with larger populations,improved stone tool technologies,symbolic expression through the production of art,C,False,0.46550944,0.17125136,0.28234574,0.08089341
Moving through trees by swinging arm over arm is called:,bipedal locomotion.,brachiation.,quadrupedal locomotion.,a savanna niche.,B,False,0.50094885,0.4420858,0.024940774,0.03202459
Why is Catalhoyuk in central Turkey regarded as a large village but not a city?,"There were no palaces, public architecture, and little evidence for status differentiation.","There was no evidence for food storage, domesticated animals, or buildings.","There were no works of art, rituals, or activities associated with cities.",There was no evidence for monumental architecture or roads.,A,True,0.7276015,0.20846133,0.03196858,0.03196858
Which of the following are four of the characteristics of civilization?,"food surpluses, specialists, urban settlements, and a system of record keeping","food surpluses, a standing army, artwork, and a system of plumbing","food surpluses, monumental architecture, religious buildings, and museums","museums, libraries, monumental architecture, and artwork",A,True,0.96349263,0.029094957,0.003474897,0.003937574
Which of the following most strongly indicates advances in the human intellect during the Upper Paleolithic?,parietal and mobiliary art,new stone-tool technologies,acquisition of non-local raw materials,changes in settlement patterns,A,True,0.59293866,0.35963547,0.029520677,0.017905196
With which of the following techniques were the native navigators of the Pacific NOT familiar?,bird flight paths,currents and wind patterns,magnetic orientation to the poles,cloud patterns,C,False,0.478481,0.2902134,0.09421849,0.1370871
Recent research with stone tool replication and brain imaging suggests the following hypothesis:,connections made in tool making prepared the brain for the production and use of language.,tool making requires cooperation that can only exist with language.,tool making originated millions of years after language evolved.,connections made between the brain and bipedal locomotion prepared the hands for tool making.,A,True,0.73034495,0.20924734,0.032089118,0.028318547
The earliest-known use of bronze is found in:,South America.,Mesopotamia.,the Indus Valley.,China.,D,False,0.24788967,0.40870097,0.19305666,0.15035269
"The New World, “discovered” by Christopher Columbus, was filled with approximately how many people?","100,000","500,000","1,000,000",tens of millions,D,False,0.50529635,0.14476983,0.18588814,0.1640457
"Which of the following sites has monumental earthworks with concentric ridges in a semicircle that date from around 3,500 years ago?",Caral,Stonehenge,Poverty Point,Gobekli Tepe,C,True,0.2856304,0.2856304,0.32366166,0.10507756
The controversial theory that people from present-day Europe colonized North America at the end of Pleistocene is:,supported by genetic evidence that establishes close connections between the oldest skeletons in the Americas and the European genome.,refuted by genetic evidence from the oldest skeletons in the Americas that establishes close connections between modern Native Americans and the native people of central Siberia.,proven by genetic evidence that establishes close connections between the oldest skeletons in the Americas and Norse explorers who arrived in northeastern Canada around A.D. 1000.,refuted by the complete absence of documents that record a migration of Europeans into the Americas.,B,False,0.8373327,0.12840913,0.022314161,0.011943909
What was the required labor service owed to the king in return for the privilege of using property owned by the Incan empire?,Khipu,Mit'a,Split inheritance,Capacocha,B,False,0.6105142,0.32678473,0.023672204,0.039028868
Archaeology is a subfield of:,biological anthropology.,anthropology.,cultural anthropology.,paleoanthropology.,B,False,0.76739216,0.17122833,0.023173235,0.038206205
"When did the acquisition of raw materials from greater distances increase, and what does it indicate?",during the Upper Paleolithic; long- distance contacts with greater reliance on trade with distant groups,during the Middle Paleolithic; the acquisition of raw materials from greater distances indicates people moved more often,during the Middle Paleolithic; broader social networks were based on frequent movement for trade and long-distance contacts,"during the Upper Paleolithic; the importance of higher-quality, imported materials was more widely appreciated",A,True,0.34993201,0.27252734,0.2122445,0.16529618
"According to the author, what did the Olmec have in common that bound them together in different territories?","underlying religious beliefs, as seen in Olmec art and iconography",agricultural surpluses that led to the creation of economic inequalities,they spoke the same language and were related by kinship and marriage,"a system of trade and exchange, as seen in tokens used as a form of money",A,True,0.8729445,0.08119649,0.029870518,0.015988536
"Unlike Mesopotamian writings, the records left by the Maya are principally concerned with:",political and military history.,philosophy and religion.,trade and economics.,astronomy and mathematics.,A,True,0.76537174,0.19351628,0.017999819,0.023112224
"Based on archaeological evidence, which of the following is accurate regarding civilization in general?",The occurrence of warfare decreases as people increasingly invest time in the production of art.,The occurrence of warfare is uncommon and occurs only with the concentration of wealth.,The concentration of wealth is a common feature.,The concentration of wealth is uncommon and occurs only occasionally.,C,False,0.61029565,0.22451523,0.082594536,0.082594536
"Based on the morphology of fossil hominids dating from about 1.8 million until about 400,000 years ago, researchers argue that:",there were two or more related but geographically separate hominid species during this period that evolved from earlier African hominids,"hominids dating from this time can be grouped into different species in Africa, Asia, and Europe.","all of the hominids that evolved from Homo habilis and predate Homo sapiens belong in a single, geographically widespread but morphologically diverse species known as Homo erectus.",all of the above,D,False,0.55874676,0.20555145,0.07561815,0.16008364
The evolutionary histories of different kinds of organisms and their relationships to each other are illustrated in a:,diastema.,phylogeny.,mosaic.,"genera,",B,False,0.61194086,0.2550949,0.03912007,0.093844175
"In comparison to an Oldowan tool, a hand axe ____________.","is made out of stone, wood, or bone.",needs constant cleaning and maintenance.,requires metal and a source of heat to be forged,requires many more flakes to be removed.,D,False,0.572718,0.30655387,0.060364034,0.060364034
Homo erectus is most closely associated with which tool-making tradition?,Occipital,Acheulean,Oldowan,Stadial,B,False,0.7056845,0.2596068,0.031005614,0.0037030922
Opportunistic foraging involves:,careful planning and scheduling.,reliance on steady sources of food such as shellfish.,"increased use of imported or ""exotic"" materials",little planning,D,False,0.4805124,0.37422344,0.050645635,0.09461851
"In rare cases, the residue of blood on ancient stone tools can:","prevent archaeologists from doing their research, since only forensic anthropologists can study bloody tools.",be used to identify the species of animals killed and likely eaten.,be used to predict the types of weapons that were not used for hunting.,none of the above; blood does not preserve and has never been identified on stone tools.,B,False,0.60396415,0.28529245,0.038610134,0.072133236
How were the royal cemeteries of the Moche discovered?,Thieves raiding the tombs were caught by the police.,A forest fire burned away the dense vegetation that concealed the cemetery.,Archaeologists discovered an exact replica of the city in the map room.,A flock of sheep that had been living there fell into a tomb.,A,True,0.547708,0.37643382,0.03089957,0.04495861
The ancient city of Cahokia contained more than _______ and a population of around _______.,"120 earthen mounds; 10,000","60 burial mounds; 2,000","50 religious monuments; 5,000","200 pyramidal mounds; 200,000",A,True,0.45352235,0.18905625,0.11466841,0.24275303
"Based on the analysis of oxygen isotope ratios in the shells of gastropods found in the sediments of an ancient lake, what happened to civilization in the Indus Valley?",It became increasingly complex due to increased rainfall and longer growing seasons.,It eventually collapsed due to climate change and drought.,It collapsed due to increased monsoons and a series of catastrophic floods.,It evolved into a series of city states along rivers and lake shores.,B,False,0.6150456,0.3292102,0.034698498,0.021045703
Clovis points are NOT found in:,Alaska.,Mexico.,Canada.,the continental United States.,A,True,0.64694834,0.23799899,0.04686478,0.06818785
Which culture lived a primarily sedentary lifestyle in the Southwest?,Adena,Mogollon,Kwakiutl,Mississippian,B,False,0.45518184,0.3128416,0.1015648,0.13041179
Lewis Henry Morgan conceived of progress in human culture according to the stages of:,"Savagery, Barbarism, and Civilization.","Savagery, Civilization, and Collapse.","Barbarism, Primitivism, and Civilization.","Stone Age, Bronze Age, and Iron Age.",A,True,0.8018741,0.15789838,0.02136922,0.018858273
"By 1900 B.P., the central elements of Mayan culture were in place. These did NOT include:",stratified societies ruled by kings.,ritual ball games and a reverence for precious jade.,a sophisticated bronze producing industry.,a hieroglyphic written language and calendar.,C,False,0.6562043,0.21303834,0.041949734,0.08880759
Machu Picchu was built in the mountains as a:,defensive stronghold.,shrine to the Inca rain god.,relaxing getaway for elites.,astronomical observatory.,C,False,0.46397585,0.40945724,0.055414014,0.071153
What evidence is there that Neandertals were hunters?,Neandertal canine teeth showed that they relied only on meat for their subsistence.,Animal bones were found showing stone tool cut marks and no animal teeth marks.,"Bones of large animals, such as elephant and horse, were found in caves.",Both A and C.,B,False,0.8350117,0.09972793,0.02857253,0.036687855
Why do we know more about Neandertals than other extinct species of premodern humans?,Neandertals spread throughout the world and their remains are found on every continent.,Neandertals used caves in Europe where their remains were preserved.,"Neandertal populations were larger and more violent than any other premodern humans, whom they drove to extinction.",Neandertals left crude but intelligible written records.,B,False,0.65808344,0.27433,0.042069864,0.025516663
The attitude of many ancient elites toward the consumption of resources seems to have been:,"“a penny saved is a penny earned.""","""if you've got it, flaunt it.""","""look before you leap.""","""the last shall be first and the first shall be last.""",B,False,0.37139764,0.37139764,0.13662957,0.12057516
"In 1797, John Frere made a discovery that he described as:",animal remains scattered on the surface of the ground.,the earliest written documents.,primitive stone tools excavated at great depth.,human skulls with ape-like features.,C,False,0.64098763,0.20809822,0.09829864,0.052615467
"Which of the following first described human culture according to a predictable chronology of a Stone Age, Bronze Age, and Iron Age?",uniformitarianism,multilinear evolution,three-age system,. triple-age catastrophism,C,True,0.20116186,0.20116186,0.5468146,0.050861686
"Tiwanaku, with its capital at Titicaca, was one of the ___________ kingdoms of the ancient world.",richest,strongest,largest,highest,D,False,0.6630399,0.10168047,0.21525754,0.020022072
Monte Alban is located in the ________ and was built by the _________.,Valley of Mexico; Aztec.,Valley of Oaxaca; Zapotec.,Amazon floodplain; Olmec.,Yucatán Peninsula; Maya.,B,False,0.4041551,0.3147563,0.0901792,0.19090936
"In Holocene Africa, the __________ was replaced by the ____________.",microlith blade; backed blade,Iberomaurusian culture; Capsian culture,Capsian culture; Iberomaurusian culture,Maglemosian; Natufian,B,True,0.24621314,0.35823798,0.24621314,0.1493358
What was NOT a deciding factor in the development of Mesopotamian civilization?,the need to concentrate population away from arable lands near rivers,"the need to construct monumental works, such as step-pyramids and temples",the need to develop a complex social system that would allow the construction of canals,the use of irrigation to produce enough food,A,True,0.38887957,0.26727277,0.07657493,0.26727277
Which of the following crops was NOT an important component of Hopewell subsistence?,sunflower,squash,maize,knotweed,C,False,0.32222173,0.25094652,0.10461008,0.32222173
Unequivocal evidence for art as symbolic expression dates from as early as:,"95,000 BP, at Dolni Vestonice.","77,000 BP, at Blombos Cave.","50,000 BP, at Des Moines, IA.","36,000 BP, at Wharton Hill.",B,False,0.6964436,0.22610213,0.05045021,0.027004048
What was the Chinese technique of stamped or pounded earth that was used in construction of house walls and defensive structures?,Hang-t'u,Scapulimancy,Lung-shan,Qin manufacture,A,True,0.61188936,0.25507343,0.050226938,0.082810216
The Lake Forest Archaic tradition relied on ____________ resources; the Maritime Archaic hunted ___________ creatures.,pelagic; midden,lacustrine; pelagic,midden; littoral,littoral; lacustrine,B,False,0.6505307,0.23931688,0.06856543,0.041587036
Genetic evidence indicates that the modern Inuit are the descendants of which people?,Paleo-Eskimos,Dorset,Thule,Clovis,C,False,0.6959258,0.22593401,0.057125065,0.021015137
Which tool technology is associated with anatomically modern Homo sapiens?,Aurignacian,Acheulean,Mousterian,both b and c,A,True,0.5705992,0.3460859,0.036477186,0.046837635
What is the difference between an absolute date and a relative date?,"An absolute date is known by everyone, while a relative date ranges from 30 to 50 years.","A relative date is derived from radiometric dating techniques, while an absolute date is only associated with written documents.","A relative date refers to a year or a range of years, while an absolute date indicates a chronological order.","An absolute date refers to a year or a range of years, while a relative date indicates a chronological order.",D,False,0.71815485,0.160242,0.0459101,0.07569296
"Upon exploring Rhode Island, the Italian navigator Giovanni de Verrazzano noted that the native people resembled:",Italians.,Asians.,Australians.,Melanesians.,B,False,0.55864996,0.29902378,0.07560505,0.06672122
"Like the urban centers of the Indus Valley, Teotihuacán appears to have been:",equipped with sophisticated plumbing and cooling systems.,subject to constant outbreaks of plague and disease.,surrounded by an enormous agricultural hinterland.,planned and built on a grid pattern.,D,False,0.54087627,0.25549185,0.08294606,0.12068581
The population of the Valley of Mexico was supported by means of:,"long-distance trade, salt mining, and stone masonry.","hunting and gathering, fishing, and cultivation of root crops.","advanced medical, artisanal, and metallurgical technologies.","agricultural irrigation, terraces, and artificially raised fields called chinampas.",D,False,0.61188936,0.25507343,0.050226938,0.082810216
"Which subfield of anthropology has been described as studying ""other people's garbage""?",primatology,archaeology,paleoanthropology,linguistics,B,False,0.53149,0.41392484,0.03397702,0.020608105
What did the Moche build at the heart of their urban center?,a vast complex of temples and artisan workshops,an enormous walled-in precinct of elite residences,the Pyramid of the Sun,the Temple of the Feathered Serpent,C,False,0.9159883,0.051676523,0.02441026,0.007924852
Mayan city-states were NOT:,ruled by autonomous dynasties.,similar in their political organization to Egyptian communities.,supported by large agricultural hinterlands.,much smaller in population than Mohanjo-daro.,B,False,0.5511895,0.29503047,0.04524439,0.10853565
The argument in favor of hominids making and using stone tools by at least 3.3 million years ago is supported by:,cut marks on animal bones that were made by butchering with pieces of stone.,the anatomy of Australopithecus africanus hands and analogies with studies of living non-human primates that demonstrate tool use.,"simple stone cores, anvil stones, and flakes found at the Lomekwi 3 site in West Turkana, Kenya.",all of the above.,D,False,0.733109,0.18535899,0.02842572,0.05310624
"What do the amounts of rainfall in the Maya homeland, as reflected in variations in oxygen isotopes in a stalagmite in Yok Balum Cave in Belize, correspond to?",increased rainfall and severe flooding that led to the collapse of Maya ceremonial centers,severe drought and a decline in construction at Maya ceremonial centers,increased rainfall and increased storage of surplus food from agriculture,increased warfare and the abandonment of the entire region,B,False,0.6615534,0.16726689,0.1014525,0.06972721
"In the author's two-hour movie representing the history of the universe, when do the earliest members of the human family appear?",at the beginning of the film,about half way through the film,90 minutes into the film,during the final 3 seconds of the film,D,False,0.4745339,0.32614207,0.09344126,0.10588282
Which best describes Stonehenge?,Megalithic monument,Halafian monumental center,Chavin ritual monument,Mesopotamian monument,A,True,0.8320594,0.12760045,0.028471505,0.011868689
Which commonly used name for a culture was borrowed from another Native American language and literally means “ancient enemies”?,Kwakiutl,Hohokam,Anasazi,Mogollon,C,True,0.1584879,0.20350249,0.5531771,0.08483246
Paleogenetic and paleoecological evidence points to dates of occupation for Australia as far back as:,"80,000 B.P.","70,000 B.P.","60,000 B.P.","40,000 B.P.",C,False,0.62836134,0.20399906,0.109192826,0.058446713
The Egyptian system of hieroglyphics:,did not use pictographs,appears to have developed suddenly,was the earliest form of writing in the world,all of the above,B,False,0.40067968,0.24302451,0.18926768,0.16702813
What do we know about the people who built Stonehenge based on the analysis of animal teeth from a nearby village?,"They raised livestock at the site, including cattle, sheep, and goats.",They brought animals to the site from outside of the region.,They had no domesticated animals but hunted wild animals for meat.,"They hunted antelope, gazelle, and bear.",B,False,0.798796,0.15729226,0.027333295,0.016578482
Evidence from the modern human genome suggests that genes inherited from Neandertals:,are universally beneficial to modern humans.,control the metabolism of fat in modern Europeans.,are associated with human diseases such as Lupus.,both b and c.,D,False,0.43899596,0.30171722,0.07628606,0.18300074
The Nazca geoglyphs extend over miles and represent:,entrances to subterranean tombs of the elite.,vast architectural designs for cities and towns.,ceremonial pathways and effigies of spirits and gods.,landing strips for spaceships.,C,False,0.57371145,0.30708563,0.0776434,0.04155952
The fact that early excavators of Teotihuacán mistook ordinary housing compounds for palaces suggests:,the general standard of living was high.,commoners took over the residences of the elite.,"the city was a democracy, ruled by common farmers and artisans.","the society was mostly egalitarian, with almost no social stratification.",A,True,0.57301515,0.2706732,0.068436906,0.087874725
Why is the timing of monumental construction at Ceibal significant?,It contradicts the hypothesis that the monumental construction of the Maya was largely inspired by the Olmec.,It confirms that the residents of Ceibal were inspired by the Olmec to build large platforms.,It contradicts the hypothesis that the development of monumental construction among the Maya was an internal process.,"It confirms that the Olmec, who built most of the Maya monuments, were inspired by the Egyptians.",A,True,0.66199476,0.27596048,0.032958776,0.02908602
The origins of Chinese civilization can be traced to:,the site of An-yang near the Huang ho River.,chiefdoms and states in numerous regions throughout China.,the beginning of the Qin Dynasty.,external influences originating from the Indus Valley.,B,False,0.6547484,0.30928123,0.025387349,0.010583022
How long ago did human groups begin actively controlling their food sources by artificially producing conditions under which these sources would grow?,"within the past 6,000 years","within the past 12,000 years","within the past 18,000 years","within the past 28,000 years",B,False,0.5238779,0.317748,0.10315768,0.055216324
For which of the following is there evidence for Neandertals?,Neandertals adorned themselves with pendants and necklaces.,Neandertals buried their dead.,Neandertals produced and used complex stone tools.,All of the above.,D,False,0.61089694,0.17502491,0.039053332,0.17502491
What occupation date do most archaeologists agree on for Australia?,"no earlier than 80,000 years ago","soon after 60,000 years ago","soon after 40,000 years ago","no earlier than 20,000 years ago",C,False,0.57680935,0.3087438,0.060795255,0.05365163
Which of the following dating techniques are based on the measurement of the amount of energy trapped in materials that have been heated at archaeological sites?,argon/argon and potassium argon dating,archaeomagnetic and radiocarbon dating,luminescence dating and optically stimulated luminescence,X-ray fluorescence and paleomagnetic dating,C,False,0.8676465,0.0807037,0.033642307,0.01800743
Which tool technology is associated with Neandertals?,Aurignacian,Acheulean,Mousterian,both b and c,C,False,0.6487869,0.30646524,0.025156198,0.019591667
"Conflict models emphasize the importance of __________ tensions in the development of state societies, while integration models emphasize ____________ tensions.",external; internal,military; religious,internal; external,extrafamilial; interfamilial,C,False,0.73961914,0.16503134,0.07795528,0.017394176
Homo erectus differed from Homo habilis in which way?,Erectus fossils are found only in Africa.,Erectus possessed a smaller brain.,Erectus possessed a larger brain.,Erectus was a relatively short-lived species.,C,False,0.37646377,0.48338905,0.09518495,0.044962186
There is general consensus among paleoanthropologists that anatomically modern humans:,"migrated out of Africa into western Europe between 150,000 and 200,000 years ago and then spread into Asia, Australia, and the Americas.","evolved in Asia between 100,000 and 50,000 years ago, and then migrated into Africa, Europe, Australia, and the Americas.","evolved independently and simultaneously in Africa, Europe, and Asia and then migrated into Australia and the Americas.","migrated out of Africa into Southwest Asia between 150,000 and 100,000 years ago and then spread into Europe, Asia, Australia, and the Americas.",D,False,0.8320381,0.12759718,0.0152393095,0.025125373
Homo erectus was:,"a stable, long-lived species.","an unsuccessful, short-lived species.",the first hominid to make and use stone tools.,the first hominid to stand “erect” and walk upright.,A,True,0.5509855,0.2602671,0.12294149,0.06580584
About 2.6 to 1.9 million years ago the planet became much _____ and entered the ______:,colder; Pleistocene epoch.,hotter; Miocene epoch.,colder; Pliocene epoch.,hotter; Pleistocene epoch.,A,True,0.72633183,0.16206655,0.098298326,0.013303231
Mayan art and iconography prominently feature depictions of:,infants and children.,stars and comets.,love and sex.,mutilation and violence.,D,False,0.64847785,0.21052994,0.053230304,0.08776193
Taphonomy is:,a systematic classification based on similarities and differences.,a dating technique based on the decay of a radioactive isotope of bone.,"a study of the spatial relationships among artifacts, ecofacts, and features.",the study of how materials ended up in a particular place.,D,False,0.63044184,0.26280725,0.0403028,0.06644808
"The large, extinct herbivores of the Pleistocene era are referred to as:",megaliths.,megafauna.,megaflora.,megatrons.,B,False,0.6729711,0.31788903,0.004001633,0.005138198
"Recovery of more than 6,500 bones and bone fragments from 28 individuals of a single hominid species at the Cave of the Bones in Spain provides:","little evidence of diversity, since each individual represents a different species.",unusually good evidence to examine diversity within a hominid species.,evidence of interbreeding between Homo neanderthalensis and Homo erectus.,relatively little evidence to examine diversity within the species.,B,False,0.63979495,0.30221772,0.036094762,0.02189258
Charles Darwin discovered that plants and animals had evolved through a process known as ____________. Early archaeologists discovered that ______________________.,scientific creationism; human culture evolved differently than plants and animals,unilineal evolution; civilizations evolved more quickly than plants,natural selection; human culture did not evolve or change much over time,natural selection; human culture had evolved over an enormous period of time,D,False,0.632924,0.16002825,0.097062044,0.1099857
"The construction of large-scale features, such as mounds and shell middens, is often taken by archaeologists as evidence of:",the practice of slavery.,social and political complexity.,a Mesolithic tradition.,the shift from Paleolithic to Neolithic.,B,False,0.51331335,0.39976883,0.054102827,0.032815024
The Shang Dynasty laid the foundation for a coherent development of Chinese civilization that lasted well into the:,10th century.,13th century.,17th century.,20th century.,D,False,0.4959081,0.38621363,0.08617591,0.031702343
What do Homo sapiens and Australopithecus afarensis have in common?,a mode of locomotion,a reliance on brachiation,a lack of sexual dimorphism,all the above,A,True,0.817808,0.11067827,0.019233001,0.052280713
What effect did the late Pleistocene to early Holocene climate change have on human populations?,It forced populations to move toward the equator.,It tested the ability of human beings to adapt.,It forced humans to wear clothing.,It had no effect at all.,B,False,0.69143474,0.28823286,0.01435027,0.005982083
Recent discoveries of Homo naledi fossils in the Dinaledi Chamber of the Rising Star cave system in South Africa suggest a mixture of post-cranial morphologies or mosaic of hominid traits. One of the reasons this new species is controversial is that:,there are already two well-known species of Homo and it is unlikely there were more than two species at one time.,paleoanthropologists did not make the discovery and it was found in an inaccessible cave in South Africa.,"there is, as yet, no firm date that can be applied to the specimens.",the Homo naledi fossils have been shown to pre-date the earliest known hominid fossils by millions of years.,C,False,0.49501294,0.23382755,0.11045232,0.16070718
"A genetic study comparing the bones of a 7,000-year-old skeleton found in Germany, eight human skeletons dating to 8,000 years ago in Luxembourg, and more than 2,300 living Europeans found that the modern European genome included contributions from:","the earliest anatomically modern Homo sapiens who lived in Europe 45,000 years ago.","people genetically traceable to the Middle East who moved into Europe about 9,000 years ago.","people who moved there from west Asia less than 5,000 years ago.",all of the above.,D,False,0.5631244,0.16133785,0.0407926,0.23474517
Which of the following is archaeological evidence of social stratification and inequality?,Burials without exotic grave goods also contain bones indicating that they engaged in less strenuous labor.,Burials with exotic grave goods also contain bones indicating that they engaged in less strenuous labor.,"Burials all contain equal amounts of exotic grave goods, but some are more impressive than others.","Burials contain bones indicating that people were segregated based on gender, stature, and personal capabilities, including artistic abilities.",B,False,0.4627524,0.24769352,0.07096538,0.21858875
"Periods much colder than the present, which were characterized by widespread ice and snow cover, are known as:",altricials.,glacials.,interstadials.,interglacials.,B,True,0.35745507,0.52009404,0.04269192,0.07975901
"Up to 50,000 years ago, what was the relationship between anatomically modern humans and us?",They looked and thought like us.,They looked like us but did not think like us.,They thought like us but did not look like us.,They did not look or think like us.,B,False,0.7783901,0.19680785,0.016154971,0.008647133
The Omo I cranium discovered along the Omo River in southern Ethiopia demonstrates:,"the evolution of anatomically modern humans from premodern species about 200,000 years ago in Africa.","the simultaneous evolution of anatomically modern humans about 100,000 years ago in Africa and Europe.",the development of a larger brain prior to the first evidence for tool making.,both b and c.,A,True,0.75428,0.14852653,0.042553563,0.05463986
Researchers who study humans by residing in particular societies and observing the behaviors of the people are known as:,archaeologists.,ethnographers.,linguists.,paleoanthropologists.,B,False,0.81494796,0.14161672,0.021717627,0.021717627
"What culture used hide boats and spread across the Arctic, from Alaska to Greenland beginning about 700 years ago, in a third wave of migration from the Old World into the New?",Paleo-Eskimos,Dorset,Thule,Clovis,C,True,0.11326103,0.21159947,0.57518697,0.09995251
What Mesopotamian institution was set apart and had powers before the advent of social complexity?,the military,the state,the temple,the hunting association,C,False,0.29794908,0.33762053,0.29794908,0.06648143
What was concluded in a recent study comparing the genomes of modern people with ancient skeletal remains in North and South America?,"Native Americans in North America and South America genetically diverged from each other and their ancestors in the far north by about 30,000 years ago.","All Native Americans, both ancient and modern, are derived from a single migration of Austral-Melanesians into the Americas by about 13,000 years ago.","All Native Americans, both ancient and modern, are derived from a single migration of the Inuit, who arrived in the Americas by about 13,000 years ago.","The separation between native Siberians and the earliest Native Americans occurred sometime between 20,000 and 23,000 years ago.",D,False,0.83350646,0.11280283,0.025169715,0.028521022
"Based on the strontium isotope ratios in the teeth of people buried at Copán, who were the rulers?",local elite who rose to power based on their popularity and knowledge of politics,foreigners from different regions across much of the Maya territory,an elite class of astronomer-priests who ate mostly vegetables and fish,Egyptian emigrants who arrived on ships and taught the Maya how to build pyramids,B,False,0.5061801,0.23910254,0.06850403,0.18621325
"What does the lid of the sarcophagus of Pacal the Great, ruler of Palenque, depict?","the slain enemies of the king, with a series of hieroglyphs representing all of the great cities and civilizations of the world",the dead king suspended between the Maya earth monster and the Quetzal bird which symbolizes the Maya heaven,the Aztec king ascending to heaven on a chariot made of gold,an ancient alien looking through a telescope and piloting a spaceship,B,False,0.72552276,0.161886,0.03612165,0.07646953
The commoners of the rural Aztec villages of Capilco and Cuexcomate:,"were ruled by an iron fist by the king, who had armies stationed there.",were forced to send half of all maize they grew to the king as tribute and lived in absolute poverty.,were mostly left alone and did fairly well for themselves.,had no protection from city states that invaded from the north.,C,False,0.48383754,0.2934623,0.13862178,0.08407836
The skulls of the earliest migrants to the New World do not match those of modern Native Americans. This suggests that:,modern Native Americans are probably not descended from these early migrants.,"the ""skull"" haplogroup was not passed on.",modern Native Americans have very different DNA.,craniometrics is an unreliable method of tracking populations.,D,False,0.551339,0.22983228,0.09580835,0.12302036
A place where people lived and/or worked and where the physical evidence of their existence can be recovered is an archaeological:,artifact.,sample.,site.,culture.,C,False,0.72122145,0.08613762,0.18235333,0.010287671
The practice of _________ allowed the Inca to greatly increase the amount of arable land.,irrigating,terracing,slashing and burning,fertilizing,B,False,0.5544264,0.3810513,0.040162515,0.024359794
"In Randall White's view, what do items of personal adornment imply during the Upper Paleolithic period?",a willingness to travel great distances,a hobby done around the campfire at night,increasing awareness and importance of individual identity,greater intelligence and willingness to cooperate,C,True,0.36213195,0.19383527,0.41034928,0.03368352
The revolution in food production that accelerated worldwide population growth is called the ________; it occurred _____ years ago.,"Upper Paleolithic Transition; after 35,000 years ago","Mesolithic Demographic Transition; beginning 18,000 years ago","Neolithic Demographic Transition; beginning 11,000 years ago","Neolithic Revolution; after 5,000 years ago",C,False,0.7371929,0.113052204,0.113052204,0.036702674
Trace element analysis can be used to determine:,the morphology and age of an artifact or ecofact.,the geographic source of the raw material from which an artifact was made.,the wear patterns on tools.,"the associations and context of an artifact, ecofact, or feature.",B,False,0.85240734,0.10180554,0.0200467,0.02574047
The record-keeping system used by the Inca in which a series of knotted strings were used as mnemonic devices is called:,cuneiform.,rachis.,mit'a.,khipu.,D,True,0.029603275,0.28086805,0.28086805,0.4086606
The Minoans inhabited the _________ island of Crete.,Mediterranean,Egyptian,Mesopotamian,Indonesian,A,True,0.90082985,0.083790235,0.012849648,0.0025302456
Which of the following describes a key change in hominids beginning at least as early as Homo erectus that is probably related to increasingly larger brain size?,microcephaly,neoteny,prognathism,supraorbital cortex,B,False,0.5014155,0.20902108,0.16278577,0.1267777
Inca architecture is noted for its:,"incorporation of wood, earth, and stone.",unprecedented size and sophistication.,precise jigsaw-like stone masonry.,use of the vaulted arch.,C,False,0.68418014,0.2516958,0.03406332,0.030060777
What was found in some of the burials at the principal Liangzhu site in eastern China that represents elite status?,finely crafted large jade disks called bi,thousands of shell discs called “bi” that were used as a source of money,copper earspools that were worn by the deceased,gold headdresses that were worn by the deceased,A,True,0.73556614,0.21074323,0.02516969,0.028520994
Most caves containing paintings are:,expensive to visit.,buried deep underground.,found in France.,closed to visitors because of light and moisture damage.,D,False,0.4391498,0.2663578,0.23505996,0.05943246
Which of the following is evidence for interbreeding between anatomically modern humans and Neandertals?,All modern humans share a major percentage of their genome with Neandertals.,All Neandertals share a major percentage of their genome with modern humans.,A small but significant percentage of the genome of modern humans who trace their ancestry to Europe and Asia originated with Neandertals.,A small but significant percentage of the genome of Neandertals is found in anatomically modern humans who trace their ancestry to Africa.,C,False,0.80520725,0.12348253,0.040088907,0.031221272
Upper Egypt is ________ of Lower Egypt.,north,south,east,west,B,True,0.42645875,0.5475839,0.014592616,0.01136474
The death of Qin Dynasty emperor Ying Zheng was marked by what elaborate memorial?,An enormous mortuary temple filled with gold and gems.,An enormous pyramid constructed out of millions of huge limestone blocks.,The collective suicide of 60 members of the royal family.,"An 8,000-member life-sized terra cotta army.",D,False,0.6688887,0.27883428,0.029388918,0.022888111
The Mayan king Yax Pahsaj symbolized his royalty on a stele that depicts:,"an eagle, a serpent, and a jaguar, all of which were important royal animals.",a series of decisive military conquests against a rival king.,a lightning bolt descending from heaven and marking him as the leader.,the founder of the dynasty “passing him the torch.”,D,False,0.76739204,0.15110846,0.043293297,0.038206197
Why did the spear-thrower represent a useful innovation and to when does it date?,It made warfare so deadly that it became obsolete beginning in the Middle Paleolithic and Middle Stone Age.,It allowed artistic expression by hunters beginning in the Middle Paleolithic and Middle Stone Age.,It launched larger spears more quickly and more frequently beginning in the Upper Paleolithic and Late Stone Age.,It launched projectiles with greater force and accuracy beginning in the Upper Paleolithic and Late Stone Age.,D,False,0.4125157,0.36404383,0.15175605,0.07168448
From which of the following primates do humans descend?,chimpanzees,gorillas,orangutans,none of the above,D,False,0.818159,0.14217472,0.02799586,0.011670411
Excavation of Yang-shao sites in China indicates which domesticated crops?,"beans, millet, and maize.","wheat, rice, and peas.","sorghum, emmer, and legumes.","millet, cabbage, and rice.",D,False,0.85621524,0.11587613,0.022817362,0.005091242
A subsistence strategy and settlement pattern based on seasonality and planned acquisition of resources is known as:,opportunistic foraging.,logistical collecting.,symbolic foraging.,mobiliary collecting.,B,False,0.4752671,0.3701384,0.12016635,0.034428235
"Analysis of the teeth of a hominid species discovered in Malapa Cave in South Africa, dating just after 2 million years ago, indicates a diet that consisted primarily of:","fruits, leaves, and C3 plants.",meat derived from carnivorous mammals.,"meat, fish, and some plants.",C4 grasses that may have included wild wheat.,A,True,0.6285467,0.26201725,0.085064545,0.0243714
The appropriateness and usefulness of pedestrian survey depends on:,the presence of primary and secondary refuse.,"naturally exposed layers in which to search for artifacts, ecofacts, or bone.","associations that can be established between artifacts, ecofacts, and bone.",the existence of a cache or collection of artifacts.,B,False,0.6884643,0.22351162,0.044012047,0.044012047
"Since the end of the Pleistocene, humans have increasingly been responsible for the extinction of animal species. If allowed to continue, what are the likely consequences of these extinctions?",It will have negative impacts on agriculture.,It will have negative impacts on water quality.,It will have negative impacts on human health.,All of the above.,D,False,0.6293996,0.18032601,0.066338226,0.12393613
what is one of the important differences between the middle and upper paleolithic?,decreased use of imported raw materials and increased use of whatever was locally available,"smaller sites, indicating a change from large roving bands of hunters to the earliest family groups and households","a profusion of stone tool traditions, indicating a change from temporal and geographic homogeneity to greater diversity and variability","a gradual decline in the use of stone hand axes and tools, indicating a change to more flexible and workable materials such as wood and bone",C,False,0.48019198,0.29125115,0.10714532,0.12141155
Where did the world's first civilization develop?,Eastern China,Crete,Egypt,Mesopotamia,D,False,0.24847208,0.117369905,0.59605354,0.038104426
There is evidence that premodern Homo sapiens existed:,"800,000 to 200,000 years ago.","600,000 to 30,000 years ago.","400,000 to 10,000 years ago.","100,000 to 10,000 years ago.",B,False,0.6281559,0.26185432,0.058427602,0.051562175
"In primates, the location of which of the following determines if it is a quadruped or biped?",the feet,the skull,the foramen magnum,the ulna,C,False,0.6552348,0.2127236,0.07825664,0.053784948
Homo habilis emerged around ________ years ago; Homo erectus followed at around _________ years ago.,4.5 million; 3.2 million,3.6 million; 2.8 million,2.5 million; 1.8 million,"1.4 million; 800,000",C,False,0.50119054,0.268268,0.16271274,0.06782876
In what way were Neandertals physically different from modern Homo sapiens?,"Neandertals had wide, squat torsos and short extremities.",Neandertals had smaller brains and larger noses.,Neandertal skeletons have more bones that modern Homo sapiens.,Both a and b.,A,True,0.8524297,0.115363814,0.012159256,0.020047225
"After 400,000 years ago, hominid evolution is characterized by:",bipedalism and relatively stable brain size.,a slight decrease in average brain size.,a rapid increase in brain size.,slowly increased brain size and the first stone tools.,C,False,0.7380061,0.16467142,0.06057923,0.03674316
"Which perspective asserts that the Earth and all living organisms are less than six thousand years old and have changed little, if at all, since then?",uniformitarian,paleoanthropological,creationist,all of the above,C,False,0.5635696,0.18296427,0.11097344,0.14249271
Archaeological evidence indicates that cattle were first domesticated where and how long ago?,"in western Europe, about 3,500 years ago","in sub-Saharan Africa, about 8,500 years ago","in North America, about 9,500 years ago","in the Middle East, about 10,500 years ago",D,False,0.68562955,0.25222903,0.038680572,0.023460953
The spread of a shared religious iconography in ancient civilizations may be an indication of what?,decreased violence and a time of increased peace,cultural and perhaps political unification,increased trade and the use of some form of money,the beginning of organized religion and ending of human sacrifice,B,False,0.6223762,0.22895941,0.07433224,0.07433224
"What made it possible to recover the nearly intact finely-made wooden spears from a 300,000-year-old site at Schöningen, Germany?","The soil was highly acidic and aerobic, which offers excellent preservation for organic artifacts.",The soil was waterlogged and provided conditions that allowed for the preservation of organic material.,"The wooden spears were placed in a cache of artifacts in plain sight, where archaeologists would eventually find them.","The wooden spears were covered with dried blood mixed with charcoal and mud, which allows for the preservation of wood.",B,False,0.7028037,0.20135663,0.044928733,0.05091093
Which continent features the earliest evidence of etching into a rock face?,Europe,Africa,Asia,Australia,D,False,0.46488422,0.3620522,0.11754114,0.055522505
Which of the following are dating techniques based on the half-life of a radioactive isotope and are used to date the age of rock?,argon/argon and potassium argon dating,archaeomagnetic and radiocarbon dating,luminescence dating and optically stimulated luminescence,X-ray fluorescence and paleomagnetic dating,A,True,0.9564005,0.028880794,0.008274485,0.006444176
Australian and America megafauna were probably wiped out by:,humans.,environmental changes.,both humans and environmental changes.,humans who carried diseases over the land bridge.,C,False,0.7708244,0.15178432,0.06327312,0.0141181415
Archaeological and genetic evidence indicates that the process of domestication involving the separation of wolves from dogs occurred about:,"65,000 to no later than 48,000 years ago","45,000 to no later than 38,000 years ago","35,000 to no later than 18,000 years ago","15,000 to no later than 10,000 years ago",C,False,0.7440534,0.16602077,0.061075624,0.028850082
The first hominids could be described as:,quadrupedal knappers.,quadrupedal pongids.,bipedal apes.,bipedal quadrupeds.,C,False,0.5396945,0.32734126,0.082764834,0.050199408
The undersea chasm between New Guinea/Australia and Java/Borneo is called the __________.,Wallace Trench,Sahul Passage,Beringia Abyss,Bering Strait,A,True,0.83158314,0.14450748,0.01344129,0.010468087
"Evidence has been found at the Asikli Höyük site in Central Turkey for the domestication of which species within a few centuries after 10,400 years ago?",sheep,cattle,dogs,chickens,A,True,0.5323951,0.25148565,0.15253375,0.063585535
Which of the following is NOT true of the main Indus Valley cities?,A citadel was built on the western margin of each city.,"The ""upper cities"" were encompassed by monumental walls.",The blocks of residences were added haphazardly as needed.,The bricks used in the houses were a consistent size and shape.,C,False,0.31127852,0.3527248,0.061294377,0.27470234
The Younger Dryas was:,a warming period at the end of the Pleistocene.,"a period of glacial expansion between 12,900 and 11,600 years ago.","a period of glacial retreat between 10,900 and 9,000 years ago.",a period of environmental change that caused humans to temporarily abandon much of northern Europe.,B,True,0.31025037,0.65680003,0.017503127,0.015446457
Which of the following was described as “the slow agency of existing causes”?,natural selection,catastrophism,uniformitarianism,unilineal evolution,C,False,0.38563344,0.43697995,0.12519686,0.052189812
Virtually all of the crops important in the European Neolithic:,were domesticated at the same time at communal farms.,were domesticated before groups became sedentary.,were independently domesticated in Europe,were imported from other regions.,D,False,0.6281559,0.26185432,0.058427602,0.051562175
Which of the following is NOT an innovation of the Mesolithic?,canoes,domestication of animals,European use of bow and arrow,crop irrigation systems,D,True,0.24852721,0.2816182,0.15073937,0.31911525
Pizarro was able to subdue the entire Inca empire largely because:,his horses and guns frightened the Incas into submission.,he was such a brilliant military strategist.,the empire had never won the allegiance of the peoples it had conquered.,"he arrived with a superior force of more than 80,000 soldiers.",C,False,0.53694457,0.32567334,0.044075094,0.09330697
The transition from food gathering to a total reliance on agriculture:,happened everywhere except in South America.,took thousands of years.,took hundreds of thousands of years.,always required careful planning.,B,False,0.45962113,0.3579533,0.10255534,0.07987018
"Between 1.4 million and 400,000 years ago, hand axe technology:",steadily improved.,steadily worsened.,changed only slightly.,evolved into a more sophisticated technology.,C,False,0.47030693,0.25173718,0.10493966,0.17301625
Artifacts must be carefully exposed and initially left in place in order to record:,the composition of the artifacts and surrounding soil.,spatial contexts and associations.,the possible presence of faunal assemblages or bone.,"the presence, morphology, and species of surrounding pollen.",B,False,0.8304257,0.14430635,0.01342258,0.011845386
During which time frame is there evidence for anatomically modern Homo sapiens?,"800,000 to 10,000 years ago","800,000 years ago to present","400,000 years ago to present","200,000 to present",D,False,0.8562265,0.11587766,0.012213415,0.015682336
Specialization of labor:,can only exist in a society which produces a food surplus.,"allows for sophisticated craft work (e.g., weaving, metalworking, pottery manufacturing).",is a characteristic of civilization.,all the above.,D,False,0.64117736,0.23587598,0.03617275,0.08677392
The Maya derived their writing and mathematics from the:,Mesopotamians.,Chavin.,Chinese.,Olmec.,D,False,0.47369844,0.36891672,0.06410811,0.093276754
Which foods are included in the triad of plants that provided the subsistence base for indigenous New World civilizations?,"maize, beans, and squash","maize, lentils, and wheat","rice, beans, and squash","yams, maize, and millet",A,True,0.9718822,0.02285648,0.0039718607,0.0012894743
What is the name of the largest structure at Teotihuacán and around how many platform monuments and pyramids were built there?,Pyramid of the Moon; 250,Temple of the Feathered Serpent; 400,Pyramid of the Sun; 600,Temple of the Inscriptions; 700,C,False,0.52696425,0.17108025,0.15097779,0.15097779
When did the Inca begin their military expansion across South America?,200 A.D.,900 A.D.,1450 A.D.,1650 A.D.,C,False,0.32651004,0.47506928,0.15423241,0.044188328
"During the Pleistocene era, the islands of Java, Sumatra, Bali, and Borneo formed ___________. The landmass connecting Australia, New Guinea, and Tasmania was called ___________.",Sunda; Wallacea,Wallacea; Beringia,Beringia; Sahul,Sunda; Sahul,D,False,0.77488047,0.104868665,0.0816718,0.038579024
The reason that archaeologists long suggested that the walls of Great Zimbabwe could not have been built by an indigenous sub-Saharan people was that:,the architecture was clearly built by Egyptians.,historical records show that it was constructed by early Dutch settlers.,symbolic motifs incorporated into the walls indicate that they were built by Indian traders.,they thought sub-Saharan Africans were incapable of such achievements.,D,False,0.60320705,0.22190748,0.056107,0.11877851
What was a unifying element to the Chavin culture?,artistic styles incorporating the same creatures,woven textiles displaying common motifs,worked metal objects,all the above,D,False,0.7390731,0.100022666,0.032472607,0.12843165
Which of the following indicates a primary context?,a landfill where refuse from an entire community has accumulated,"artifacts, ecofacts, and bone exposed on the ground surface by erosion",the existence of a cache or collection of artifacts found where they were left,all of the above,C,False,0.8264395,0.09870412,0.022023866,0.052832507
Which of the following is NOT one of Joseph Tainter's proposed causes for the collapse of ancient civilizations?,resource depletion,economic decline,elite mismanagement,epidemic disease,D,False,0.36144173,0.31897122,0.071172096,0.24841504
The archaeological remains of foundations at Pilfershire were found:,by taking a walk in the woods.,by carefully excavating an entire region.,using satellite imaging.,All of the above.,A,True,0.5120516,0.27408147,0.04762822,0.16623881
"The influence of the Tiwanaku was eclipsed by the _________ culture, to the north and west.",Moche,Inca,Wari,Aztec,C,False,0.24968779,0.3632936,0.28293332,0.104085356
"How do archaeologists characterize the peoples who built monumental structures at Göbekli Tepe, Watson Brake, and Poverty Point?",agriculturalists,affluent foragers,archaic states,primitive civilizations,B,False,0.6171992,0.20037523,0.13771576,0.04470976
What is believed to be the reason for the development of a complex society at Caral in South America?,the need to collect large quantities of shellfish,the construction of canals for irrigation,the building of the Piramide Mayor,the excavating work to produce the sunken plazas,B,False,0.55942565,0.2332033,0.110157445,0.0972136
"The fossil evidence indicates that by 1.8 million years ago, a new hominid known as _______ had evolved.",Homo habilis,Homo erectus,Homo sapiens,Australopithecus afarensis,B,False,0.7983432,0.17813444,0.018775232,0.004747122
"The __________ tradition features finely made, leaf-shaped stone blades. The __________ tradition, which followed behind it, emphasizes bone and antler work.",Solutrean; Magdelanian,Gravettian; Solutrean,Magdelanian; Aurignacian,Aurignacian; Gravettian.,A,True,0.5494763,0.25955424,0.09548467,0.09548467
The fossils originally known as Sinanthropus pekinensis or “Peking Man” are now classified as:,Homo floresiensis.,Homo sapiens.,Homo erectus.,Homo habilis.,C,False,0.43735376,0.23409861,0.30058855,0.02795909
How does anthropology differ from other social sciences such as economics and sociology?,Anthropology is holistic and integrative in its approach.,Anthropology is less holistic and more theoretical in its approach.,Anthropology tends to focus on specific topics in history.,Anthropology is more narrowly focused than the other social sciences.,A,True,0.91643584,0.066386394,0.010180682,0.006997074
"In periods of great difficulty and stress, it appears that the Minoans __________ in order to appease the gods.",sacrificed adults and occasionally children,burnt their own houses to the ground,fasted for long periods,abstained from sexual relations,A,True,0.79392916,0.121752985,0.039527405,0.044790417
Which of the following is true about the first apes?,There were a far greater number of genera than today.,They flourished in a broader area of the world than today's apes.,Some ancient species were larger than today's apes.,All of the above.,D,False,0.60608566,0.1967672,0.0439047,0.15324245
"For 99% of human history, people have depended solely on _________ for their subsistence.",collecting plants,fishing,agriculture,foraging,D,False,0.5431366,0.19980879,0.22641301,0.03064167
The possibility that Homo erectus possessed an aesthetic sense and may have created “art” is suggested by:,"the size of their brains, with a mean brain size slightly larger than modern humans.",cave paintings and elaborate burials with numerous grave goods at the Trinil site.,recovery of a shell at the Trinil site with an intentionally engraved series of lines.,all of the above.,C,False,0.62043047,0.17775631,0.044943836,0.15686938
When did Mohenjo-daro develop into a complex urban center?,"during the Early Shang Dynasty, from 1,000 to 400 B.P.","during the Qin Dynasty, from 3,500 to 3,000 B.P.","during the Mature Harappan period, from 4,500 to 4,000 B.P.","during the Early Harappan period, from 8,500 to 6,000 B.P.",C,False,0.6095081,0.2242255,0.093471095,0.07279536
Which of the following best describes an anthropologist who studies the human skeleton in order to solve crimes?,forensic anthropologist,historical archaeologist,paleoanthropologist,linguistic anthropologist,A,True,0.93762016,0.05289691,0.007158818,0.002324128
Which of the following was the first city and what was the estimated population?,"Nagada, 5,000 people","Uruk, 10,000 people","Knossos, 20,000 people","Giza, 200,000 people",B,False,0.581911,0.18891884,0.11458508,0.11458508
The epoch in which our earliest non-human primate relatives made their first appearance is called the:,Miocene.,Pliocene.,Triassic.,Cambrian.,A,True,0.91145086,0.07481644,0.011473473,0.002259261
"In comparison to Homo habilis, what gave Homo erectus the ability to migrate so far, so fast?",neoteny,intelligence,bipedalism,microcephaly,B,False,0.3495421,0.3495421,0.27222368,0.028692164
"At its height, only about _______ of the Incan empire was composed of ethnic Inca.",1 percent,10 percent,30 percent,50 percent,A,True,0.37139764,0.37139764,0.13662957,0.12057516
"By analyzing the levels of 13C in bones, researchers can establish whether an individual ate:",mostly grains or mostly nuts and fruits.,mostly meat or mostly vegetables.,no dairy or lots of dairy.,a certain type of honey produced only in sub-Saharan Africa.,A,True,0.6671327,0.19113672,0.079677634,0.062053006
To which primate are humans most closely related?,chimpanzees,gorillas,orangutans,gibbons,A,True,0.8529787,0.11543811,0.029187325,0.0023958415
A more accurate calibration curve and conversion for radiocarbon dating can be derived from:,dendrochronology.,coins recovered from ancient shipwrecks.,written records.,all of the above.,A,True,0.50740993,0.16473189,0.088174626,0.23968348
Homo erectus is characterized by:,"a sophisticated stone-tool technology, cooperative hunting, and the controlled use of fire.","a primitive stone-tool technology, the sophisticated use of wood to construct shelters, and the earliest known gardening.","cooperative hunting, the controlled use of fire, and elaborate burials with many grave goods.","a primitive stone-tool technology, the first evidence for fishing, and the construction of stone buildings.",A,True,0.8604034,0.10276054,0.022928974,0.013907126
Indus Valley civilization is unmatched in comparison to other early civilizations in terms of what?,the height and size of its monumental architecture,the amount and frequency of violence,the degree of urban planning,the amount of surplus wheat that was produced for storage,C,False,0.62070227,0.1569381,0.1569381,0.06542154
Which is true of the origins of Minoan civilization?,"Crete was colonized by the Egyptians, who called the island ""Minoa.""","Early humans crossed a land bridge to Crete around 150,000 B.P. and gradually became Minoans.","Crete was populated by Greeks and others, but Minoan culture was a local development.",Cretan culture was a mix of Egyptian and Mesopotamian elements.,C,False,0.57096845,0.34630987,0.041360818,0.041360818
Archaeology differs from pseudoscientific speculation and fantasies about ancient extraterrestrials because:,archaeology is not confined to evidence or the scientific method.,archaeologists are not interested in science fiction and do not actually know much about the ancient past.,archaeologists have actually solved all of the mysteries and controversies about the past.,archaeologists follow the scientific method and are constrained by evidence or lack of evidence.,D,False,0.6167398,0.17669892,0.050625086,0.15593624
"The idea that cultures change through time in relation to their environments, along many different paths, is known as:",unilineal evolution.,environmental uniformitarianism.,multicultural adaptation.,multilineal evolution.,D,False,0.3689165,0.41803718,0.11976966,0.0932767
What does Australia have in common with the rest of the world during the Holocene epoch?,drastic environmental changes,exploitation of new food resources,a growth in cultural diversity,the independent domestication of wheat and cattle,C,False,0.7019277,0.15662125,0.083833314,0.057617735
The Chimu civilization was one of the ___________ kingdoms of the ancient New World.,richest,strongest,largest,highest,C,False,0.65053314,0.11304571,0.21119718,0.025223907
"Monk's Mound, at the Mississippian center of Cahokia, served as:",a lookout or fire tower.,a meeting ground for egalitarian tribes.,a burial monument.,the base for one or more important buildings.,D,False,0.45669493,0.2444512,0.1308453,0.16800869
"The peak of Minoan civilization, from 3650 to 3420 B.P., was bracketed by what two events?",the founding of the Minos dynasty and the invasion of the Mycenaeans,an earthquake and a volcanic eruption,"the discovery of bronze on the island, and the replacement of bronze by iron","the invasion of Troy, and the surrender to the Romans",B,False,0.6594549,0.21409366,0.08924751,0.037203897
Which of the following is the name of the stone blade exhibiting a fluted point on both faces and associated with extinct elephants?,Thule,Lapita,Dorset,Clovis,D,False,0.4189648,0.25411502,0.25411502,0.072805166
Levallois technology involved a shift in emphasis from:,producing core tools to producing flakes.,producing pottery to producing clothing.,producing arrows to producing spear points.,"larger, duller axes to smaller, sharper ones.",A,True,0.7154515,0.20498028,0.051827133,0.027741063
To which species does Lucy belong?,Homo habilis,Australopithecus afarensis,Homo sapiens,Australopithecus robustus,B,True,0.31914657,0.6756333,0.0016747277,0.0035453984
Which of the following is an example of parietal art?,beadwork,inscribed bone,ivory statues,cave paintings,D,False,0.43570194,0.23321445,0.26426658,0.06681706
When did the florescence of Ancestral Puebloan culture occur?,"5,000 years ago",just after A.D. 1000,before A.D. 1000,"2,000 years ago",B,True,0.34735352,0.5726891,0.060360987,0.019596344
Which of the following is more complex than a tribe but less complex than a state?,chiefdom,archaic state,egalitarian society,democratic state,A,True,0.47754887,0.32821423,0.15503742,0.039199598
The Upper Paleolithic is generally associated with:,new and improved stone tool technologies.,a broadening of the subsistence base.,larger sites with increased populations.,all of the above.,D,False,0.7156481,0.12436099,0.019071376,0.14091948
The native peoples of the northwest coast of North America were:,maize agriculturalists.,simple foragers.,affluent foragers.,conquered by the Aztec.,C,False,0.6710658,0.27974185,0.033410396,0.015781956
Archaeological evidence for the collapse of civilizations suggests which of the following is the most important variable?,whether warfare can be ended,changing environmental conditions,how societies respond to challenges,the ability of bureaucracies to store food and feed its people,C,False,0.4798019,0.3297627,0.10705828,0.08337707
"Which culture was centered in the Ohio River valley around 2,800 years ago?",the Kwakiutl,the Mogollon,the Sinagua,the Adena,D,False,0.4052821,0.2169319,0.315634,0.062152028
"Which culture was centered in the Ohio River valley around 2,800 years ago?",the Adena,the Mogollon,the Kwakiutl,the Sinagua,A,True,0.7065337,0.20242529,0.05118113,0.039859902
"The pharaoh ruled a population of ________, of which _________ were farmers.","100,000; 25%","1,000,000; 50%","3,000,000; 75%","5,000,000; 100%",C,False,0.42886487,0.2601197,0.20258142,0.10843402
The key factor in the survival and success of anatomically modern human beings was:,their ability to control fire and produce art.,their ability to interbreed with other hominids.,their ability to hunt large mammals.,their ability to adapt.,D,False,0.51588243,0.21505179,0.10158327,0.1674825
A proposed explanation for some phenomenon that may be derived initially from empirical observation through a process called induction is a:,deduction.,theory.,hypothesis.,scientific method.,C,False,0.81127226,0.08550747,0.02776021,0.07546008
"The development of civilization in Mesopotamia is associated with the _______, during the ______.",first writing; Amratian Period,first cities; Uruk Period],first religious specialists; New Temple Period,first permanent military; Nagada I Period,B,False,0.7839055,0.17491296,0.02682377,0.014357731
Which of the following is the Pleistocene ice mass in North America centered in the Rocky Mountains?,Beringia,Laurentide,Cordilleran,McKenzie Corridor,C,False,0.5676281,0.34428385,0.05982756,0.028260538
On which continent are most of the Venus figurines found?,Europe,Africa,Asia,Australia,A,True,0.6167398,0.17669892,0.15593624,0.050625086
"The ability of humans to live in different environments, from Arctic tundra to tropical forests, is made possible by:",specific biological adaptations to each new habitat.,"the rapid evolution of novel physical characteristics, which allows for movement into a new geographic range.",intelligence and cultural adaptations.,genetic changes and racial differences.,C,False,0.8335307,0.12782608,0.025170447,0.013472769
Which of the following refers to the systematic study of the earth's layers?,primatology,stratigraphy,weathering,archaeology,B,True,0.21913797,0.76486665,0.0074984883,0.008496901
The Aztec Empire was based on the systematic expansion of:,"tribute in the form of gold, jade, feathers, cloth, and jewels.",oppressive social and religious control based on military conquest.,"ceramic production, a distinctive architectural style, and artistic expression.",religious beliefs that required extensive and escalating human sacrifice.,A,True,0.7516604,0.19004951,0.029145036,0.029145036
All of the following statements are true of the walls of the central complex of Great Zimbabwe EXCEPT:,they were built of over 1 million granite bricks.,they exhibit sophisticated masonry.,they stood 40 feet tall in places.,the mortar that holds them together was made from ground up ocean shells.,D,False,0.6070077,0.22330566,0.03424503,0.13544172
How can the paleoanthropologist determine if a species is bipedal?,"The structure of the innominate, including the ilium and ischium",The position of the foramen magnum,The absence of a divergent big toe,All the above,D,False,0.6517105,0.09994305,0.03676699,0.21157943
Which dating technique is based on the patterns of tree-ring growth?,radiocarbon dating,dendrochronology,paleomagnetic dating,fission-track dating,B,False,0.63698804,0.34095514,0.007076298,0.014980523
"Which area is home to the tradition of making stone tools from chipped pebbles, called Hoabinhian?",Australia,North America,Europe,Asia,D,False,0.4028737,0.31375834,0.16794273,0.11542525
The Pleistocene epoch lasted until how long ago?,"1,000,000 years","100,000 years","10,000 years","1,000 years",C,False,0.75558186,0.16859311,0.03319795,0.04262701
Which of the following is the last to be occupied by human beings?,New Guinea,Australia,New Zealand,Timor,C,False,0.55413526,0.26175496,0.07499405,0.109115705
"Based on the available evidence, which of the following evolved first among hominids?",bipedal locomotion,language,a larger cranium and brain size larger than 1000 cc,Oldowan stone tools,A,True,0.6921793,0.17501034,0.082669035,0.050141305
"The ""grandmother effect"" refers to:",the premature aging of many Paleolithic women.,the shift in cave paintings that took place as older women began to express themselves.,the decrease in child mortality associated with the presence of older generations.,the tendency of feminist archaeologists to question male prejudice in the field.,C,False,0.46870247,0.3221342,0.10458166,0.10458166
Why were the elite of state societies so conspicuous in their consumption?,Democracy and egalitarian states had not yet evolved.,"A monetary value was not placed on material possessions, making things effectively worthless.",The elite had not yet been introduced to capitalism and so wasted their wealth on monuments and possessions.,Monuments and possessions were used as symbols to reinforce the inequalities on which state societies are based.,D,False,0.478481,0.2902134,0.09421849,0.1370871
"Archaeological evidence for the production of cheese and yogurt in Europe suggests that dairying became an important part of subsistence by ______ years ago, with _______ providing an adaptive advantage.","10,000; artificial selection for certain varieties of cheese","7,500; the lactase persistence mutation","5,500; domesticated cattle","3,500; certain strains of lactose-free cheese and yogurt",B,False,0.4287649,0.22950132,0.2025342,0.13919958
"The presence of caribou bones found near the Hudson River valley in New York from a site dated 10,000 years ago implies:",that the main food source was caribou meat.,a much colder climate during that time.,that caribou were imported into the United States from Canada.,that the people who lived at this site had high cholesterol.,B,False,0.7870708,0.17561924,0.020974725,0.016335133
Experiments with stone spear points made to replicate those artifacts found at the Kathu Pan site in South Africa suggest that Homo erectus:,"made and used spears with stone projectile points for hunting 500,000 years ago.",made and used spears with stone projectile points for hunting more than 3 million years ago.,"did not use spears with stone projectile points, but probably hunted and caught fish with wooden and bone tools.","made stone spear points for use as weapons, but not for hunting.",A,True,0.7214597,0.20670167,0.03591936,0.03591936
What is the date of the first evidence of the use of metals in South America?,1200 B.P.,3100 B.P.,5100 B.P.,6200 B.P.,B,True,0.23046763,0.5528631,0.15839794,0.05827134
"Among the Inca, human sacrifice was preceded by:","ritual starvation, torture, and blood sacrifice.",elite-sponsored feasts in which captives of war were beheaded.,"improved diet, the use of coca leaves, and consumption of maize beer.",communal feasts and the torture of captives to be sacrificed.,C,False,0.71080846,0.20365004,0.04010107,0.04544046
