0,1,2,3,4,5,llama_7B_ds_followturn_20000/epoch1_correct,llama_7B_ds_followturn_20000/epoch1_choiceA_probs,llama_7B_ds_followturn_20000/epoch1_choiceB_probs,llama_7B_ds_followturn_20000/epoch1_choiceC_probs,llama_7B_ds_followturn_20000/epoch1_choiceD_probs
What size of cannula would you use in a patient who needed a rapid blood transfusion (as of 2020 medical knowledge)?,18 gauge.,20 gauge.,22 gauge.,24 gauge.,A,False,0.23500371,0.3874556,0.23500371,0.14253695
The key attribute in successful marathon running is:,strength.,power.,stride length.,stamina.,D,True,0.055663697,0.2826836,0.13353027,0.5281225
Which of the following is the commonest cause of dementia in the UK?,Alzheimer's disease.,Cerebrovascular (stroke) disease.,Lewy body dementia.,HIV infection.,A,True,0.51507753,0.31241032,0.13023199,0.042280138
Which of the following is NOT a symptom of anaphylaxis?,Stridor.,Bradycardia.,Severe wheeze.,Rash.,B,True,0.24293727,0.35347164,0.18919975,0.21439138
In what situation are closed pouches applied?,The patient has a semi-formed or liquid output.,The patient has a colostomy.,In the immediate post-operative period.,The patient has a urostomy.,B,True,0.24441451,0.51742554,0.1482449,0.089915074
With an increasing number of sprints the:,anaerobic contribution progressively increases.,pH of the muscle falls below 6.0.,blood glucose concentration falls below 3 mmol/L.,relative contribution of aerobic metabolism increases.,D,False,0.19861889,0.37106892,0.2550317,0.17528054
Which of the following is true in diplopia?,Diplopia can never occur if one eye is covered,The outer image is always the false image,A fourth nerve palsy occurs when the patient looks upwards,A sixth nerve palsy causes a divergent squint,B,True,0.18520358,0.34600583,0.30534908,0.16344157
Sodium bicarbonate ingestion improves middle distance running performance by:,elevating the pH and buffering capacity of the extracellular fluid allowing a faster efflux of hydrogen ions from muscle.,reducing the pH and buffering capacity of the extracellular fluid allowing a faster efflux of hydrogen ions from muscle.,elevating the pH and buffering capacity of the extracellular fluid allowing a faster influx of hydrogen ions into muscle.,elevating the pre-exercise muscle pH.,A,True,0.44667017,0.34786707,0.14501257,0.060450234
Codons are composed of:,triplet sequences of nucleotide bases in mRNA or DNA .,quadruplet sequences of nucleotide bases in mRNA or DNA.,triplet sequences of amino acids in polypeptide chains.,triplet sequences of deoxyribose sugars in DNA.,A,False,0.31597686,0.24608302,0.35804868,0.07989146
Fatty acids are transported into the mitochondria bound to:,thiokinase.,coenzyme A (CoA).,acetyl-CoA.,carnitine.,D,False,0.167709,0.5853619,0.167709,0.079220116
Which of the answers below best indicates the compatible blood types that can be given to a person with a blood group B (rhesus negative)?,"Blood type AB (rhesus negative), blood type B, and blood type O (rhesus negative).",Blood type B (rhesus positive) and blood type O (rhesus positive).,Blood type B (rhesus negative) and blood type O (rhesus negative).,Blood type B (rhesus negative) only.,C,True,0.16517207,0.2723227,0.44898424,0.113520995
Which of the following is true of a lower motor neurone lesion in the arm?,It leads to increased tone in the arm (hypertonia),Fasciculations are never seen,The reflexes are brisk,An ulna nerve palsy is an example of a lower motor neurone lesion,D,False,0.2700561,0.30601364,0.23832366,0.18560666
Which of the following statements is false?,Ammonia is produced in repeated high intensity exercise.,Muscle lactate accumulation does not begin until at least 5 seconds of intermittent muscle contractions have taken place.,Muscle phosphocreatine depletion begins in the first few seconds of high intensity exercise.,With an increasing number of repeated sprints the rate of accumulation of lactate in muscle declines.,B,True,0.2550317,0.37106892,0.19861889,0.17528054
Glycogen breakdown in muscle initially results in the formation of:,glucose.,glucose-1-phosphate.,glucose-6-phosphate.,"glucose-1,6-diphosphate.",B,True,0.28154245,0.46418503,0.15069881,0.10357368
The two principal contractile proteins found in skeletal muscle are:,actin and troponin.,actin and myosin.,troponin and tropomyosin.,myosin and tropomyosin.,B,True,0.38035816,0.55341786,0.051475883,0.014748086
Which one of the following represents a IIIrd cranial nerve palsy and is a neurosurgical emergency?,Unilateral constricted pupil.,Bilateral constricted pupils.,Unilateral fixed dilated pupil.,Oval shaped pupils.,C,False,0.28680977,0.41730574,0.22336768,0.072516866
Which of the following is true about a thyroid swelling?,It always elevates on swallowing,Lymph node enlargement is a good prognostic sign,An ultrasound of the swelling is the best test to determine whether the nodule is actively secreting hormone,A functioning nodule on isotope scanning is unlikely to be due to cancer,D,False,0.15705977,0.2589478,0.42693272,0.15705977
Which of the following is true of hepatomegaly?,Emphysema is a cause,The liver enlarges downwards from the left hypochondrium,"The presence of jaundice, spider naevi and purpura suggest alcohol as a cause",The liver is usually resonant to percussion,C,True,0.17042328,0.31839263,0.3607861,0.15039802
Which of the following is true regarding reflexes?,A positive babinski reflex is the same as a normal flexor response in the assessment of the plantar reflex,An extensor plantar response indicates a lower motor neurone lesion,The root value of the ankle reflex is S1,"The root value of the knee reflex is L1, L2",C,False,0.24141292,0.35125372,0.24141292,0.16592051
Which of the following is true of facial nerve palsy?,Bells palsy is another term for an upper motor neurone lesion,Ramsay Hunt Syndrome is an upper motor neurone lesion secondary to a Herpes Zoster infection,An inability to close the eyelid on the paralysed side indicates a lower motor neurone lesion,In Bell's Palsy the sense of taste is never affected,C,False,0.23071587,0.43103397,0.17968169,0.15856855
What is a colles fracture?,Hand fracture.,Elbow fracture.,Finger fracture.,Fracture of the radius and ulna at the wrist.,D,False,0.45279118,0.31119853,0.16657257,0.06943778
"If a transfusion reaction is suspected, you should:","turn off the transfusion, inform medical staff immediately, and follow transfusion policy advice on dealing with acute transfusion reactions.",leave the transfusion running and contact the medical staff immediately.,disconnect and dispose of the blood bag immediately.,leave the transfusion running and record a set of observations on the patient.,A,True,0.6562043,0.21303834,0.08880759,0.041949734
"Once a prescribed unit of blood product has been obtained from the blood bank and is out of refrigeration, the transfusion should commence within what period of time before it starts to deteriorate (as of 2020 medical knowledge)?",30 minutes.,90 minutes.,4 hours.,12 hours.,A,False,0.12101325,0.19951712,0.54234374,0.13712597
Which of the following statements is true about informal carers (as of 2020)?,50% of over 65s are providing informal care.,One in six over 65s is providing some form of informal care.,Informal carers should not be included in discharge planning.,The majority of informal carers are fit and active.,B,True,0.3258638,0.41841742,0.13584025,0.119878605
Which of the following processes is not used to modify protein structure after translation has occurred?,Lipidation.,Attachment of more amino acids via peptide bonds.,Glycosylation.,Phosphorylation.,B,True,0.09346696,0.32623175,0.32623175,0.25406954
Why would you need to carry out a bladder washout for a patient at home?,When their urine is clear.,When the catheter is blocked.,When the catheter is bypassing.,When the catheter is dirty.,B,True,0.1976217,0.47406983,0.17440055,0.15390794
A 14-16 gauge needle is most likely to be used for:,children.,elderly patients.,inserting in the back of the hand.,trauma or burns patients.,D,False,0.15264504,0.28517848,0.36617643,0.19600013
Which of these features suggest that a crackling sound is more likely due to a pleural friction rub than crackles?,More prominent in expiration,Alters with coughing,No pain over the area,Clubbing,A,False,0.23342535,0.29972407,0.23342535,0.23342535
In games like soccer the blood lactate concentration:,rarely increases above 3 mM.,is usually lower at the end of the game than at the end of the first half.,is usually higher at the end of the game than at the end of the first half.,increases throughout the course of the game as the players become more fatigued.,B,True,0.15661186,0.29258946,0.29258946,0.2582093
Lactate and hydrogen ions leave the muscle:,via a cotransport mechanism with carnosine.,via an active transport mechanism.,via a protein transporter molecule.,by simple diffusion.,C,False,0.18522377,0.44432873,0.18522377,0.18522377
Which of the following is true of the spine?,Back pain is an uncommon complaint,Schober's test is designed to quantify the flexion of the lumbar spine,Ankylosing spondylitis is a cause of hypermobility of the spine,Pregnancy is a cause of loss of lordosis of the lumbar spine,B,True,0.20475478,0.38253227,0.23201755,0.18069544
Which of the following is true of psoriatic arthropathy?,The absence of plaques of psoriasis excludes the diagnosis,The diagnosis can be confirmed by a blood marker,Tophi can sometimes be seen over affected joints,Nail pitting may give a clue to the diagnosis,D,False,0.24721283,0.28012884,0.28012884,0.19252954
Which of the following is true of Graves Disease of the thyroid?,It is a cause of ophthalmoplegia,It causes a large multi-nodular goitre,It is commoner in males than females,"In the past, Grave's disease sometimes caused 'Derbyshire Neck'",A,False,0.30534908,0.34600583,0.18520358,0.16344157
Which of the following is true of calcium metabolism?,Calcitonin causes a rise in plasma calcium,Primary hyperparathyroidism is usually asymptomatic,Vitamin D is secreted by the parathyroid glands,Oliguria is a symptom of hypercalcaemia,B,True,0.23499885,0.3017445,0.3017445,0.1615122
Kinase reactions:,inhibit ATP breakdown.,involve the addition or removal of a phosphate group.,involve the addition or removal of a ketone group.,involve the addition or removal of an amino acid to a polypeptide chain.,B,True,0.22671536,0.54386187,0.15581904,0.0736037
The normal respiratory rate for an adult male is:,10-12 breaths per minute.,8-10 breaths per minute.,20-22 breaths per minute.,14-16 breaths per minute.,D,False,0.20399906,0.62836134,0.109192826,0.058446713
Collagen fibres:,are re-established in the first five days of wound healing.,provide a bridge across the surface of a wound.,take some time to re-establish.,are not needed if a wound is healing by primary intention.,C,False,0.27480918,0.35286197,0.24251826,0.12981066
Which of the following releases most energy when completely oxidised in the body?,One gram of glucose,One gram of palmitic acid,One gram of leucine,One gram of alcohol,B,False,0.40252653,0.2766522,0.19014007,0.13068123
Embedded in the inner membrane of the mitochondrion are:,the enzymes of the tricarboxylic acid cycle (Krebs' cycle).,the components of the electron transport chain.,glycogen molecules.,triacylglycerol molecules.,B,True,0.33728337,0.55608624,0.07525809,0.031372238
"If the mean rate of oxygen consumption of a male athlete during a training session is 2 l/min, then his rate of energy expenditure is approximately:",400 kJ/min.,200 kJ/min.,80 kJ/min.,40 kJ/min.,D,False,0.19652873,0.41605133,0.2523479,0.13507208
A normal heart rate for an adult at rest is:,60-80 bpm.,60-100 bpm.,60-90 bpm.,60-110 bpm.,B,True,0.2856304,0.32366166,0.2856304,0.10507756
Which of the following statements is false?,Phosphofructokinase is the rate limiting enzyme in glycolysis.,Phosphorylase activity is higher in Type II fibres than in Type I fibres.,Endurance training increases the amount of TCA cycle enzymes in muscle.,Oxygen is consumed in the TCA cycle.,D,False,0.29810274,0.3827715,0.1595629,0.1595629
Which of the following is true in ulna nerve palsy?,The ulna nerve can be affected by a fracture of the spiral groove of the humerus,It gives rise to a positive phalen's sign,It leads to loss of sensation over the medial half of the hand and medial one and a half digits on both palmar and dorsal aspects of the hand,It supplies the biceps muscles,C,True,0.13084528,0.24445117,0.45669487,0.16800866
How much toothpaste is recommended for cleaning teeth?,A smear.,A pea-sized amount.,The length of the toothbrush.,Half an inch.,B,True,0.22869326,0.54860663,0.15717843,0.06552172
Which of the following is true about Cushing's Syndrome?,It is due to a deficiency of cortisol hormone,Enlarged extremities are commonly seen,Osteoporosis is not a feature,A moon face and a buffalo hump are characteristic of the disease,D,False,0.23062675,0.38023922,0.15850729,0.23062675
The main factors determining success in sport are:,a high energy diet and large appetite.,high intelligence and motivation to succeed.,a good coach and the motivation to succeed.,innate ability and the capacity to respond to the training stimulus.,D,False,0.15264504,0.28517848,0.36617643,0.19600013
"In a double stranded molecule of DNA, the ratio of purines : pyrimidines is:",variable.,determined by the base sequence in RNA.,genetically determined.,always 1:1.,D,False,0.11341165,0.16501299,0.5759519,0.14562345
Performance enhancing synthetic steroids are based on the structure of the hormone:,testosterone.,cortisol.,progesterone.,aldosterone.,A,True,0.6592907,0.21404034,0.101105504,0.025563473
Glycogen breakdown in exercising muscle is activated by:,insulin.,cortisol.,increased pH.,none of the above.,D,False,0.23336636,0.43598574,0.23336636,0.097281575
Most of the free fatty acids are transported in the blood:,inside the red blood cells.,as lipoproteins.,combined with glucose.,bound to albumin.,D,False,0.18444993,0.64379346,0.11187453,0.059882123
How often should a cannula be flushed?,Every 4 hours.,Every 8 hours.,Every 12 hours.,Every 16 hours.,C,True,0.14706098,0.31132808,0.35278094,0.18883003
The activity of creatine kinase is:,increased when intracellular ADP rises.,increased when muscle pH falls below 6.9.,always lower in Type II fibres than Type I fibres.,increased after a period of endurance training.,A,False,0.16198862,0.23569204,0.16198862,0.44033068
The smallest increments on a mercury and aneroid sphygmomanometer measure are:,10 mmHg.,4 mmHg.,2 mmHg.,1 mmHg.,C,True,0.1455487,0.27192077,0.39564237,0.18688822
Which of the following is not an abnormal breathing pattern seen in head injury and altered conscious level?,Cheyne-Stokes respiration.,Anaerobic respiration.,Hyperventilation.,Ataxic breathing.,B,True,0.22585997,0.37238014,0.17589992,0.22585997
During CPR chest compressions and ventilations should be delivered in a ratio of:,2:25,15:02,1:05,30:02:00,D,False,0.20590201,0.23331757,0.43589458,0.124885894
A person weighs 62 kg. Their drug dose is 15 mg/kg. How many grams is their dose? Choose one answer from the following:,930,93,9.3,0.93,D,False,0.22592203,0.3287146,0.2900896,0.15527378
An expected side effect of creatine supplementation is:,muscle weakness.,gain in body mass.,muscle cramps.,loss of electrolytes.,B,True,0.1948313,0.41245788,0.2207728,0.17193802
The cardiac cycle consists of the phases:,"systole, diastole, and rest.","contraction, relaxation, and rest.",diastole and systole.,"diastole, systole, and contraction.",C,False,0.23910244,0.44670215,0.12798232,0.18621315
Which of the following factors does not influence success in sport?,Ability to tolerate heavy training without succumbing to illness or injury.,Tactics.,The diet.,Ingestion of carnitine during exercise.,D,False,0.3121419,0.3537031,0.16707751,0.16707751
The chain of survival has four links. Put the following list in the correct order: 1. Early defibrillation; 2. Early CPR; 3. Recognition and call for help early; 4. Post-resuscitation care.,"3, 1, 2, 4.","3, 2, 1, 4.","1, 2, 3, 4.","2, 1, 3, 4.",B,False,0.07498719,0.23097679,0.62786,0.06617595
A fundamental cause of fatigue in high intensity exercise is:,a fall in the cell concentration of ADP.,inhibition of ATP production.,failure of the ATP supply to match the demand.,lack of skill.,C,False,0.33860388,0.43477598,0.15994515,0.06667506
Which of the following is true about possible rectal findings?,The finding of a palpable median groove in the prostate is an adverse finding,Impacted faeces can sometimes be mistaken for a rectal tumour,A thrombosed haemorrhoid is painless,Peri-anal warts can only be demonstrated on proctoscopy,B,True,0.24293727,0.35347164,0.21439138,0.18919975
What commonly causes skin excoriation?,A well-fitting pouch.,Changing the pouch every day.,Leakage of effluent onto peristomal skin.,The use of unscented soap to cleanse the skin.,C,True,0.16540074,0.30900928,0.39677578,0.12881424
Which of the following is true of Systemic Sclerosis?,It affects males more than females,If telangiectasia are seen this clinches the diagnosis,Arachnodactyly is a feature of the disease,Patients have a beaked shaped nose and waxy skin,D,False,0.20767382,0.34239623,0.26665846,0.1832715
A palpable left parasternal impulse suggests which abnormality?,Right ventricular hypertrophy,Aortic stenosis,Aortic regurgitation,Left ventricular hypertrophy,A,False,0.23900674,0.3940555,0.23900674,0.12793109
"In hypovolaemic shock, what percentage of blood can be lost before it is reflected in changes in heart rate and blood pressure?",5%,10%,20%,30%,D,False,0.23900674,0.3940555,0.23900674,0.12793109
Which of the following best describes the effects of morphine?,Reduces pain intensity and increases alertness.,Reduces pain intensity but also causes sedation.,Reduces pain intensity but also causes diarrhoea.,Reduces pain intensity but also causes insomnia.,B,False,0.44628203,0.39384252,0.11283777,0.047037777
Which of the following is true of headache?,When associated with neck stiffness is always due to meningitis,Severe pain usually indicates a life threatening cause,Temporal arteritis is strongly associated with rheumatoid arthritis,Tension headaches is a common cause of headache,D,False,0.21180661,0.3081768,0.24000832,0.24000832
Between contractions of the left ventricle the blood continues to flow through the vessels because:,the atria are contracting.,the vessels are contracted.,the right ventricle is relaxed.,the arteries have elastic recoil.,D,False,0.16707751,0.3537031,0.3121419,0.16707751
What might make the nurse think a patient could not use an inhaler?,Severe leg ulcers.,Previous recovery from an acute exacerbation of asthma.,Forthcoming surgery.,"Poor technique, physical impairment, or lack of understanding.",D,False,0.16075328,0.34031472,0.23389466,0.26503736
Removal of adhesive strips:,can be carried out by the patient.,should be undertaken under aseptic conditions.,is a specialist skill.,should not be undertaken until at least seven days after application.,A,False,0.2087246,0.3441287,0.30369252,0.14345418
"During CPR, chest compressions should be delivered at a rate of:",80/minute.,as fast as possible.,100/minute.,varies with each patient.,C,True,0.094264306,0.22612832,0.54245365,0.13715376
Which of the following physiological characteristics is not important for success in endurance events such as the marathon race?,The ability to regulate body temperature.,The ability to supply oxygen to the exercising muscles.,The availability of body stores of carbohydrate.,Muscle ATP and phosphocreatine content.,D,False,0.2550317,0.37106892,0.17528054,0.19861889
"When using an inhaler, when should a patient be asked to rinse their mouth?",Before using their bronchodilator inhaler.,After using their bronchodilator inhaler.,Before using their steroid inhaler.,After using their steroid inhaler.,D,False,0.33804274,0.49184924,0.12435897,0.04574911
Muscle lactate production increases when:,oxygen is readily available.,pyruvate cannot be formed from glucose breakdown.,the pH of the muscle falls.,glycolysis is activated at the onset of exercise.,D,False,0.15950817,0.3376788,0.20481254,0.29800048
What is the minimum time a stretch should be held for?,0-10 seconds.,10-30 seconds.,30-50 seconds.,60 seconds.,B,True,0.1152956,0.45600292,0.31340593,0.1152956
What three factors regulate stroke volume?,"Blood volume, preload, and afterload.","Preload, contractility, and afterload.","Contractility, blood volume, and blood pressure.","Cardiac output, contractility, and blood volume.",B,False,0.4129092,0.4129092,0.118300475,0.055881184
Name the bones of the middle finger in the correct order from the hand.,"Proximal phalynx, middle phalynx, distal phalynx.","Distal phalynx, middle phalynx, proximal phalynx.","Middle phalynx, distal phalynx, proximal phalynx.","Distal phalynx, proximal phalynx, middle phalynx.",A,False,0.20061259,0.33075425,0.33075425,0.13787888
Which of the following promotes glucose and amino acid uptake by muscle?,Adrenaline,Insulin,Glycogen,Cortisol,B,True,0.21121104,0.6505758,0.077700205,0.06051298
An ileostomy opening should be:,flush with the skin.,3-5cm in length.,below skin level.,over 5cm in length.,B,True,0.21036074,0.5046292,0.1856427,0.09936738
Which of the following would not be done before catheterizing?,Gain patient consent.,Patient to be washed.,Expiry dates to be checked.,Ring patient's next of kin.,D,False,0.33248794,0.33248794,0.15705618,0.17796798
Hydrogen ions are formed when:,glycogen becomes depleted.,phosphocreatine breakdown occurs.,pyruvate is converted to lactate.,glycolysis is being used as a major means of resynthesising ATP.,D,False,0.17306343,0.32332504,0.25180578,0.25180578
Which one of the following manoeuvres is not a central painful stimulus?,Supra-orbital ridge pressure.,Pressure on the little finger pulp.,Trapezius squeeze.,Sternal rub.,B,True,0.2603948,0.3788722,0.20279567,0.15793742
"Dopamine is prescribed at a rate of 4 micrograms/kg/min. For a 65 kg person, how many milligrams will they receive in an hour?",156,15.6,1.56,15600,B,False,0.2570327,0.2570327,0.3300365,0.1558982
Which of the following is true about the rectal examination?,If the patient refuses a chaperone the doctor can overrule them,The rectal examination is of no value in a neurological examination,The optimum position of the patient is on their right side with their knees extended,The rectal examination is indicated for the assessment of some gastrointestinal disorders,D,False,0.15661184,0.25820926,0.29258943,0.29258943
Why can't a patient talk if the cuff is inflated?,They are unable to breathe in sufficiently.,They are unable to swallow properly.,It is too tiring.,They are unable to pass air through their vocal cords.,D,True,0.041941725,0.18796979,0.11400943,0.656079
Wound drainage should be assessed for volume and consistency:,each time post-operative observations are undertaken.,daily.,every hour.,only when the wound dressing is changed.,A,False,0.27192077,0.39564237,0.18688822,0.1455487
Creatine is synthesized from:,amino acids in the muscles.,amino acids in the liver.,amino acids in the kidneys.,creatinine in the kidneys.,B,True,0.2934623,0.48383754,0.13862178,0.08407836
"If a catheter resists all attempts to unblock it and you are unable to remove it, what should you do?",Try harder to remove it.,Try harder to unblock it.,Leave it until next time.,Call for assistance from a medical practitioner.,D,True,0.08652382,0.20755985,0.26651213,0.43940422
Bladder washout solution should be:,warm.,cold.,refrigerated.,room temperature.,D,False,0.20590201,0.23331757,0.43589458,0.124885894
"When developing a plan of care relating to the management of a person's pain, attention should be given to the following needs:",physical and pharmacological needs only.,physical and psychological needs only.,"physical, psychological, and pharmacological needs followed by regular reassessment.","none of the above, as the main priority is to limit drug side effects.",C,True,0.12791486,0.21089596,0.5732746,0.08791451
Patients with the apolipoprotein E gene are at risk of which disease?,Cystic fibrosis.,Huntington's dementia.,Alzheimer's disease.,Depression.,C,True,0.07451291,0.17874718,0.6238889,0.122851014
Which of the following groups of drugs may cause a dry mouth?,Steroids.,Analgesics.,Antidepressants.,Antifungal agents.,C,False,0.3527248,0.27470234,0.31127852,0.061294377
Which of the following is not a true statement?,Muscle glycogen is broken down enzymatically to glucose-1-phosphate,Elite endurance runners have a high proportion of Type I fibres in their leg muscles,Liver glycogen is important in the maintenance of the blood glucose concentration,Insulin promotes glucose uptake by all tissues in the body,D,False,0.22585997,0.37238014,0.17589992,0.22585997
"If a patient is cyanosed, what might their oxygen saturation level be?",98% or above.,94% or above.,80% or below.,85% or above.,C,False,0.19699608,0.3247916,0.3247916,0.15342069
When assessing a patient's breathing:,always remove dentures.,look for chest movements and use a mirror to check for exhaled air.,"look for chest movements, listen for breath sounds, and feel for exhaled air on your cheek.",assess for 30 seconds.,C,False,0.18116064,0.4345818,0.2986834,0.08557423
A person is prescribed Ropinirole 1.5 mg divided into three doses. How many micrograms is each dose? Choose one answer from the following:,5,50,0.5,500,D,False,0.17297724,0.22210716,0.47020087,0.13471481
Which of the following is thought to be implicated in the development of peripheral muscle fatigue during multiple sprint activities?,An accumulation of inorganic phosphate.,Development of hyperosmolality in the muscles.,An excess of antioxidants.,A lack of potassium.,A,True,0.3647619,0.3647619,0.15205537,0.11842085
The ATP store in muscle can only supply energy in high intensity exercise for about:,2 milliseconds.,2 seconds.,10 seconds.,20 seconds.,B,True,0.122350454,0.42704505,0.2935035,0.1571011
960 mg of the antibacterial drug Cotrimoxazole is prescribed every 12 hours. What is the daily dose in grams? Choose one answer from the following:,0.192,1.92,1920,0.96,B,True,0.21644855,0.35686332,0.27792543,0.14876276
Which of the following is true of hypothyroidism?,Weight loss,Pre-tibial myxoedema,A raised TSH level,An aversion to warm places,C,True,0.2202994,0.28287002,0.3632123,0.13361834
What is hypochlorhydria?,Increased amount of gastric acid.,Gastric ulceration.,Reduced amount of gastric acid.,Pernicious anaemia.,C,True,0.14350434,0.30379868,0.39008522,0.16261171
"A 67-year-old man, three hours post-transurethral resection of prostate with irrigation, has a blocked catheter. Which solution should be used to complete bladder washout?",Solution R.,Normal saline.,Solution G.,Any of the above.,B,False,0.18919973,0.24293725,0.3534716,0.21439137
A keloid is:,evidence of infection.,a firm mass of scar tissue.,"a fine, hairline scar.",formed if a wound drain is removed too soon.,B,True,0.17584744,0.54164827,0.17584744,0.10665687
Which of the following is not an amino acid?,Glutamic acid,Aspartic acid,Glutamine,Palmitic acid,D,False,0.18785562,0.3509605,0.18785562,0.2733283
Wound drainage is described as serous if:,it contains red blood cells.,it is thick and yellow or green.,it contains microorganisms.,it is clear or slightly yellow.,D,True,0.13554433,0.22347485,0.22347485,0.41750595
The sex of a child is dictated by the inheritance of:,the number of X chromosomes from the mother.,a recessive allele on the X chromosome.,a single Y chromosome from the mother.,a single Y chromosome from the father.,D,False,0.24788967,0.40870097,0.15035269,0.19305666
Which of the following is true in spastic paraplegia?,Multiple Sclerosis can cause this neurological pattern,Proprioceptive loss is a common feature,Coordination in the legs is affected,The tone is normal or flaccid,A,False,0.19861889,0.37106892,0.2550317,0.17528054
"The synthesis of glucose from lactate, glycerol, or amino acids is called:",glycogenolysis.,glycolysis.,lipolysis.,gluconeogenesis.,D,False,0.08656245,0.4981325,0.20765251,0.20765251
"If a blood unit has been out of refrigeration for longer than the accepted time limit, you should:",transfuse it as soon as possible and annotate the patient's notes with the time of administration.,"dispose of the contents in the sluice area, keeping the bag for record purposes.",return it to the blood bank and inform them of why you have done so.,refrigerate for a minimum of 12 hours and then administer it.,C,False,0.24721283,0.28012884,0.28012884,0.19252954
The auscultatory gap is:,when you can no longer hear the Korotkoff sounds because the bladder is equal with the diastolic pressure.,when the Korotkoff sounds can be heard between systolic and diastolic phases.,when the Korotkoff sounds disappear then return during phase 2 as the bladder is deflated.,When the Korotkoff sounds do not disappear when the cuff is fully deflated.,C,False,0.22787347,0.37569985,0.25821447,0.13821225
How many different types of microorganisms may colonize the mouth?,35,100,350,500,C,False,0.2236818,0.32545507,0.25346467,0.19739848
Why should shampoo not be used for washing the skin when showering or bathing?,It is more slippery than soap or emollients.,It will not produce sufficient lather.,It is not cost-effective.,It can cause dryness of the skin.,D,True,0.11727359,0.24826822,0.17063208,0.46382606
Which of the following is the same strength as Adrenaline 1 in 1000? Choose one answer from the following:,1 mg/mL,1 mg/L,1 g/mL,100 micrograms/mL,A,True,0.31292415,0.31292415,0.24370557,0.1304462
An allele that is masked is referred to as:,recessive.,redundant.,repressed.,reclusive.,A,False,0.22899327,0.25948337,0.33318323,0.17834014
Hypernatraemic dehydration is:,water intake is less than is needed to maintain balance.,water intake is more than is needed to maintain balance.,blood volume is lost due to trauma or burns.,blood volume is lost due to surgery.,A,False,0.26651213,0.43940422,0.20755985,0.08652382
Which of the following is not associated with an increase in the work of breathing?,Rise in respiratory rate.,Noisy breathing.,Increase in the use of accessory muscles.,A respiratory rate of 16 breaths per minute.,D,False,0.26665846,0.34239623,0.1832715,0.20767382
Which of the following can act as an intracellular buffer to limit pH changes when the rate of glycolysis is high?,Glutamine,Glucose,Carnosine,Amylase,C,False,0.13859314,0.3767352,0.3767352,0.10793645
Which of the following is true about Addisons Disease?,It is due to a deficiency of prolactin hormone,Leads to generalized pigmentation,It is a recognized cause of hypertension,Diabetes is a complication,B,True,0.20912322,0.3447859,0.23696765,0.20912322
Which of the following are indicative signs and symptoms of circulatory overload?,"Hypothermia, hypotension, and bradycardia.","Hypotension, oliguria, and uticaria.","Shivering, pyrexia, and thirst.","Dyspnoea, tachycardia, and distended neck veins.",D,False,0.49171755,0.26319745,0.15963732,0.0854477
What is the most likely cause of acute urinary retention of urine?,Haematuria.,Bladder outflow obstruction.,Drinking alcohol.,Kidney stones.,B,True,0.11341173,0.65263945,0.14562355,0.08832514
Which of the following tools is the first choice for cleaning the mouth?,"Small, soft toothbrush.",Gloved finger wrapped in gauze.,Forceps wrapped in gauze.,Foam stick.,A,True,0.5508769,0.26021582,0.15782888,0.031078348
Which of the following drugs may be used to enhance gastric motility?,Adrenaline.,Ditropan.,Erythromycin.,Carbemazepine.,C,True,0.15366319,0.25334778,0.47331595,0.11967301
The creatine kinase reaction is:,irreversible.,slow compared with glycolysis.,not activated until all the ATP has been used up.,inhibited by low pH in the muscle.,D,False,0.15950817,0.29800048,0.3376788,0.20481254
Where should a stoma be sited?,The rectus sheath abdominus.,Next to the umbilicus.,Within an abdominal crease.,In close proximity to the incision site.,A,False,0.17108025,0.52696425,0.15097779,0.15097779
Women's world record performances have improved rapidly in recent years mainly because:,women have evolved a greater muscle mass.,women can now run faster than men.,women have started training at an earlier age.,more women are now engaged in sport.,D,False,0.16218789,0.26740262,0.30300686,0.26740262
Our genetic material is made up of:,deoxyribonucleic acid.,ribonucleic acid.,dinitronucleic acid.,protein.,A,True,0.8100943,0.10963434,0.058683038,0.02158828
Insensible loss does not come from:,pyrexia.,using unhumidified oxygen.,excessive weight loss.,diarrhoea.,C,False,0.22594544,0.42212164,0.17596647,0.17596647
"Exhaustion, confusion, and unresponsiveness can be indicators of:",respiratory failure.,being generally unwell.,renal failure.,cardiac failure.,A,False,0.09928284,0.26987875,0.23816717,0.39267126
"Pairs of electrons carried in the form, FADH2 and NADH+H, collectively contain enough free energy to rephosphorylate:",6 ATP.,5 ATP.,4 ATP.,3 ATP.,B,True,0.19295397,0.40848356,0.31812733,0.08043519
A muscle fibre relaxes when:,the nerve stimulus is removed.,the nerve stimulus is too forceful.,the actin binding sites are uncovered.,the actin binding sites are saturated.,A,False,0.17834015,0.33318326,0.2594834,0.22899328
Which of the following best describes the Golgi tendon organ?,Proprioceptive motor receptor found within main muscle body.,Proprioceptive sensory receptor found at the junction between muscle and tendon.,Proprioceptive sensory receptor found within main muscle body.,Proprioceptive motor receptor found at the junction between muscle and tendon.,B,False,0.36913508,0.36913508,0.19758378,0.06414606
The pulse can be palpated:,every time the atria contracts.,when a vein is close to the surface of the skin.,every time the left ventricle contracts.,when an artery is close to the surface of the skin.,D,False,0.07841109,0.24152315,0.5793839,0.10068183
The pyruvate dehydrogenase complex:,is located in the sarcoplasm.,catalyses the conversion of pyruvate to acetyl CoA.,catalyses the conversion of pyruvate to lactate.,catalyses the conversion of lactate to pyruvate.,B,True,0.19034775,0.5174188,0.19034775,0.1018858
Which of the following is true about the knee joint?,The knee is a ball and socket joint,A baker's cyst can sometimes be found anterior to the knee,The patellar tap is used to demonstrate an effusion,'knock knee' deformity is due to bilateral genu varum,C,False,0.19739848,0.32545507,0.25346467,0.2236818
Who is the publication Your guide to the NHS written for?,GPs.,Patient lobby groups.,The general public.,Patients admitted to hospital.,C,True,0.10461464,0.2214692,0.6020157,0.071900524
Which of the following is true about the assessment of arm reflexes?,"The root value of the biceps reflex is C5, C6",If no reflex is elicited when you tap a tendon it is documented as absent,The triceps tendon is struck in the antecubital fossa,Brisk finger jerks confirm a lower motor neurone lesion,A,False,0.23201755,0.38253227,0.20475478,0.18069544
Which of these is most likely to cause deviation of the trachea?,A left basal pneumonia,A small right pleural effusion,Previous tuberculosis of the right upper lobe,Idiopathic fibrosing alveolitis,C,True,0.14350434,0.30379868,0.39008522,0.16261171
What is the risk if water is used for bladder washout in secondary care?,Fluid may bypass when the washout is carried out.,Bladder washout may be unsuccessful.,Using water may cause electrolyte imbalance.,The medical staff may be unhappy.,C,False,0.3441287,0.30369252,0.2087246,0.14345418
What is the 'normal' range of flexion at the knee joint?,0-115 degrees.,0-135 degrees.,0-155 degrees.,0-175 degrees.,B,True,0.30896604,0.3501044,0.240623,0.10030659
Which of the following is not a controlled drug?,A 30 milligram ampoule of Codeine Phosphate for injection.,A sustained release Morphine tablet.,A 12.5 microgram Fentanyl patch.,A 500 ml bottle of Morphine 10 mg in 5 ml in oral suspension.,D,False,0.2236818,0.32545507,0.19739848,0.25346467
After what period of time does maximal dynamic exercise become predominantly aerobic?,10 seconds,30 seconds,1 minute,4 minutes,C,True,0.09750336,0.34032014,0.4369797,0.12519678
The trigger to initiate the contractile process in skeletal muscle is:,potassium binding to myosin.,calcium binding to tropomyosin.,ATP binding to the myosin cross bridges.,calcium binding to troponin.,D,False,0.19296981,0.3605151,0.40851712,0.037998013
Which of the following is NOT a sign of phlebitis?,Swelling.,Redness.,Exudate.,Cool to the touch.,D,False,0.22594544,0.42212164,0.17596647,0.17596647
The energy charge of the cell is:,the difference between the charge on the outside and inside of a cell.,generated by the sodium-potassium ATPase.,the overall rate of energy use by the cell.,the extent to which the total adenine nucleotide pool is phosphorylated.,D,False,0.14014696,0.261829,0.33619508,0.261829
The sarcoplasmic reticulum in muscle cells acts as a:,store of digestive enzymes.,store of sodium ions.,store of lipid.,store of calcium ions.,D,True,0.044561036,0.13725765,0.12112945,0.6970519
Which of the following parameters are seen on typical neurological observation charts?,Urine output.,Temperature.,Central venous pressure.,Blood glucose.,B,False,0.35804868,0.31597686,0.24608302,0.07989146
"In the discharge checklist recommended by the Department of Health (2004), who should be involved in completing the form?","The GP, consultant, and named nurse.","The nurse, patient, and ward clerk.","The nurse, ward clerk, and consultant.","The nurse, consultant, and GP.",B,False,0.5284271,0.24961129,0.11790803,0.104053475
Which of the following is true regarding the complications of a large goitre?,It causes stridor due to compression of the oesophagus,Dysphagia is an indication for surgery,It causes hoarseness due to compression of the trachea,It causes a more florid thyrotoxicosis than a smaller goitre,B,True,0.24000832,0.3081768,0.24000832,0.21180661
The heart has:,two valves and two chambers.,four valves and four chambers.,two valves and four chambers.,four valves and two chambers.,B,True,0.19159609,0.45961514,0.21710682,0.13168195
Which one of the following groups of patients should be assessed using an Early Warning Score (EWS)?,Only patients over 60 years of age.,Only patients admitted to the Emergency Department.,Only patients who have been on an Intensive care/High dependency unit.,Any patient who is acutely unwell pre-operatively or post-operatively and those who have undergone major surgery.,D,True,0.055245724,0.103212595,0.24759413,0.59394747
What is the purpose of the cuff on a tracheostomy tube?,To create an air seal within the trachea and reduce the risk of aspirating saliva or gastric contents.,To reduce local oedema.,To assist with swallowing.,To allow the patient to talk.,A,True,0.683829,0.1959203,0.08167173,0.03857899
What type of covalent bonds link the amino acids in a protein?,Peptide bonds,Hydrogen bonds,Ionic bonds,Glycosidic bonds,A,True,0.7710922,0.17205393,0.04929427,0.0075595216
Which is the most reliable way to assess for clubbing?,Inspect the nail-bed angle from above,Assessing the fluctuancy of the nail-bed,Schamroth's sign,Inspect the nail-bed angle from the side,D,False,0.2122445,0.27252734,0.34993201,0.16529618
The term gene doping refers to:,the use of drugs to modify gene transcription.,the use of genetic manipulation techniques to enhance performance in sport.,the activation or inhibition of genes to mask drug taking by athletes.,the use of drugs to modify the myostatin gene.,B,True,0.23902762,0.57339746,0.09964154,0.087933354
Name three of the five main uses of the hand.,"Touch, feel, stroke.","Grip, percussion, sensory.","Tap, slap, clap.","Touch, pinch, grasp.",B,False,0.37869313,0.37869313,0.20269984,0.03991396
Which of the following is true about an abdominal mass?,A pulsatile mass is always due to an aortic aneurysm,An enlarged kidney is dull to percussion,A large mass arising out of the pelvis which disappears following urethral catheterization is caused by an ovarian cyst,An indentible mass is caused by faecal loading of the colon,D,False,0.169524,0.27949783,0.3588823,0.19209586
Which of the following is not a category used to classify patients according to the Glasgow Coma Scale?,Eye opening.,Verbal response.,Best motor response.,Pupil response.,D,True,0.20055315,0.2918031,0.17698753,0.33065623
Which of these combinations of clinical features is most suggestive of mixed mitral valve disease with a predominance of mitral regurgitation?,Displaced apex beat; soft first heart sound; pan-systolic murmur; short mid-diastolic murmur,"Irregularly, irregular pulse; displaced apex beat; ejection systolic murmur; short mid-diastolic murmur",Displaced apex beat; normal first heart sound; pan-systolic murmur; long mid-diastolic murmur,Tapping apex beat; loud first heart sound; pan-systolic murmur; long mid-diastolic murmur,A,True,0.4739909,0.28749,0.17437151,0.06414769
"Prior to undergoing a painful procedure, a patient should be informed about what to expect and how their pain will be controlled, as this is associated with:",a reduction in anxiety and perceived pain intensity.,an increased use of analgesia.,a decrease in the frequency of pain-related problems such as nausea and vomiting.,an increased urine output.,A,True,0.43899596,0.30171722,0.18300074,0.07628606
The conversion of one molecule of glucose to two molecules of pyruvate results in the net formation of:,six molecules of water.,two molecules of ATP.,three molecules of ATP.,thirty-eight molecules of ATP.,B,False,0.09421856,0.2902136,0.5421904,0.07337749
The net production of ATP via substrate-level phosphorylation in glycolysis is:,2 from glucose and 3 from glycogen.,2 from glucose and 4 from glycogen.,3 from glucose and 4 from glycogen.,3 from glucose and 2 from glycogen.,A,False,0.12182309,0.33114946,0.42520434,0.12182309
Which of the following is true about rectal bleeding?,A painful digital examination suggests an anal fissure,Bright red blood on the finger usually signifies a caecal lesion,Proctoscopy is of no value in the assessment of rectal bleeding,Rectal cancer is the commonest cause of rectal bleeding,A,False,0.2603948,0.3788722,0.15793742,0.20279567
Mutations are errors in DNA that:,are always harmful.,only occur in the presence of carcinogens.,increase tumour growth.,occur spontaneously at a low rate.,D,True,0.21180658,0.2400083,0.2400083,0.30817676
"When recording peak flow results, within how many litres/minute should the three readings be?",10 litres per minute of each other.,20 litres per minute of each other.,100 litres per minute of each other.,30 litres per minute of each other.,B,True,0.22532511,0.4209627,0.1988487,0.15486352
Peak flow meters record:,the lowest rate of air expelled from the lungs through an open mouth.,forced expiratory volume.,forced vital capacity.,the highest rate of air expelled from the lungs through an open mouth.,D,False,0.24275303,0.45352235,0.18905625,0.11466841
Which of the following should patients remember when taking paracetamol?,It can interfere with the effectiveness of other drugs such as Warfarin.,It should only be given on an 'as required' basis.,"Patients should carefully check the contents of over-the-counter cold remedies in order to prevent accidental overdose, as such preparations often contain additional paracetamol.",It is contraindicated in patients with pyrexia.,C,True,0.2087246,0.30369252,0.3441287,0.14345418
Which of the following molecules does not form part of DNA?,Purine,Pyrimidine,Deoxyribose,Amino acid,D,False,0.24141292,0.35125372,0.24141292,0.16592051
Which of the following is true about jaundice?,Pale stools and dark urine are characteristic of the jaundice of haemalytic anaemia,Bilirubin is used by the liver in the synthesis of red blood cells,Itching may be a sign of obstructive jaundice,Putting a danger of infection sticker on blood samples from an intravenous drug user with jaundice is optional,C,True,0.21101426,0.27094764,0.3070239,0.21101426
Which of the following nucleotide bases is not found in RNA?,Thymine,Adenine,Uracil,Guanine,A,True,0.29068938,0.25653246,0.22638911,0.22638911
Bronchial breathing is characterized by,Inspiratory component louder and longer with a gap between expiration and inspiration,Expiratory component louder and longer with a gap between inspiration and expiration,Inspiratory component louder and longer with a gap between inspiration and expiration,Expiratory component louder and longer with a gap between expiration and inspiration,B,True,0.29947346,0.38453156,0.20582493,0.11017014
Which of the following drugs is most commonly responsible for patients who present with acute confusion?,Heroin (opiates).,Ecstasy.,Alcohol.,Cannabis.,C,True,0.0761927,0.30134794,0.49683878,0.12562051
The frontal lobe of the brain's cortex is responsible for which of the following?,The sleep/wake cycle.,The ability to draw shapes.,Understanding others' speech.,Visual perception.,B,True,0.1558982,0.3300365,0.2570327,0.2570327
The carpal bones are the small bones of the wrist - name them.,"Scaphoid, lunate, triquetral, pisiform, trapezium, trapezoid, capitate, hamate.","Scaphoid, lunar, triquetrium, pisiform, radius, ulna, capitates.","Scaphoid, proximal phalynx, humerus, hamate, capitate.","Scaphoid, radius, ulna, cunniform, trapezius.",A,True,0.44149038,0.3034316,0.20854528,0.046532743
The process of translation requires the presence of:,"mRNA, tRNA and ribosomes.","mRNA, ribosomes and RNA polymerase.","DNA, mRNA and RNA polymerase.","chromatin, DNA and amino acids.",A,True,0.58396477,0.24343273,0.13030015,0.042302266
What is 'coring'?,A symptom of phlebitis.,Titration of a drug with its desired effect.,The delivery of medication straight into the bloodstream.,"When drugs are withdrawn from a sealed vial, fragments of the rubber bung can be cut out by the needle.",D,False,0.07898967,0.27570105,0.51507735,0.13023195
What must you ensure before a speaking valve is used?,That the patient is able to swallow properly.,It is seven days after the tracheostomy tube was first inserted.,The cuff is deflated.,The cuff is inflated.,C,False,0.16075328,0.34031472,0.23389466,0.26503736
Which one of the following statements is true with regard to intravenous drug administration?,IV administration of a drug will delay its action.,IV administration carries low risk of bacteraemia.,IV administration allows titration of a drug with its desired effect.,An intravenous cannula should never be used for both drug and fluid administration.,C,True,0.20481254,0.29800048,0.3376788,0.15950817
Which of the following factors can affect enzyme activity?,Temperature.,pH.,The presence of certain metal ions.,All of the above.,D,False,0.2594834,0.33318326,0.22899328,0.17834015
"For very high force contractions lasting 1-2 seconds, the initial energy source is from:",Glycolysis.,creatine phosphorylation.,phosphocreatine stores.,ATP stores.,D,False,0.1803582,0.38181832,0.29736042,0.14046311
A change in blood pressure is detected by the:,baroreceptors.,chemoreceptors.,vasomotor centre.,cardiovascular centre.,A,False,0.24788967,0.40870097,0.19305666,0.15035269
Blood clots are responsible for repeatedly blocking a catheter. What should you do?,Call for help.,Inform medical staff.,Inform the patient.,Remove the catheter and recatheterize.,B,False,0.038757056,0.072407715,0.4721576,0.41667762
What is the pH of water?,3.5,7,12,6.25,B,True,0.11466841,0.45352235,0.18905625,0.24275303
How long can a cannula remain in situ?,24 hours.,36 hours.,48 hours.,96 hours.,D,False,0.19305246,0.3182897,0.3182897,0.17036821
Metabolism is determined by the:,size of proteins in the cell.,availability of amino acids.,proteins formed as dictated by the genetic material.,amino acid composition of the ribonucleic acids.,C,False,0.1959358,0.32304353,0.2850849,0.1959358
How many chromosomes do all human somatic cells contain?,3,20,23,46,D,False,0.10903013,0.12354732,0.6274251,0.13999747
Under what circumstances would you use antibiotics prior to catheterization?,If the patient has had a catheter in situ for a week.,If the patient does not have urinary tract infection.,If patient has an artificial heart valve.,If the patient requests them.,C,False,0.21795328,0.31712013,0.24697341,0.21795328
Which of these features suggest that a pulsation in the neck is arterial?,A waggling earlobe,Positive for hepatojugular reflux,No variation with posture,Pressure in the root of the neck reduces the impulse,C,True,0.17834014,0.22899327,0.33318323,0.25948337
The rate limiting enzyme of glycolysis is:,phosphorylase.,hexokinase.,pyruvate dehydrogenase.,phosphofructokinase.,D,False,0.06630101,0.4323369,0.2971405,0.20422149
Which of the following is true about haemorrhoids?,Bleeding haemorrhoids lead to melaena per rectum (PR),Pregnancy is a predisposing factor in causing haemorrhoids,Bleeding from first degree haemorrhoids is associated with pain,Second degree haemorrhoids cannot be returned to the anal canal,B,True,0.2935035,0.42704505,0.1571011,0.122350454
Selective Androgen Receptor Modulators (SARMs) are:,steroid drugs that act on androgen receptors mimicking the effects of natural steroid hormones.,steroid drugs that act on androgen receptors antagonising the effects of natural steroid hormones.,non-steroid drugs that act on androgen receptors mimicking the effects of natural steroid hormones.,non-steroid drugs that act on androgen receptors inhibiting the effects of natural steroid hormones.,C,False,0.33012268,0.29133224,0.2570998,0.12144535
"The Î²-oxidation of a molecule of palmitic acid, CH3(CH2)14CO2H:",yields 8 molecules of acetyl-CoA and some ATP and water.,yields 16 molecules of acetyl-CoA only.,yields carbon dioxide and water only.,does not involve oxygen.,A,True,0.3858721,0.34053093,0.20654246,0.06705452
Which products of ADP degradation increase in concentration in the blood during multiple sprint sports?,"Ammonia, hypoxanthine and uric acid.","Ammonia, urea and uric acid.","Ammonia, urea and creatinine.","Ammonia, urea and creatine.",A,False,0.21701743,0.4054419,0.24591295,0.13162771
The optimum position for performing CPR is to position the patient:,in a semi-recumbent posture.,tilted to the left to keep the heart perfused.,flat on a firm surface.,on the floor with the legs raised.,C,False,0.22643088,0.47935417,0.19982454,0.09439044
The complete resynthesis of phosphocreatine after very high intensity exercise normally takes:,about 10 seconds.,about 30 seconds.,about 1 minute.,about 4 minutes.,D,False,0.32550746,0.41795984,0.17423157,0.08230117
What type of joint is the elbow?,Ball and socket joint.,Fused joint.,Synovial hinge joint.,Plain joint.,C,True,0.32382524,0.28577477,0.36694208,0.023457821
A hypertonic solution is:,a solution that has a higher concentration of solutes than the normal human cell.,a solution that blocks off enteral tubes easily.,a solution that has a lower concentration of solutes than the normal human cell.,a solution with a high fibre content.,A,False,0.17753577,0.25831303,0.42588618,0.138265
Which of these is not necessary when examining the jugular venous pulse?,Patient's neck muscles should be relaxed,Timing the pulsation with the radial pulse,Good lighting,Patient lying at 45 degree angle,B,True,0.2127117,0.27312723,0.27312723,0.24103393
The maximum sustainable power:,usually remains constant during a race.,declines with the distance of the race.,is improved by a high fat diet.,is inversely related to muscle glycogen content.,B,True,0.18919975,0.35347164,0.24293727,0.21439138
Fast-twitch fibres contain:,a relatively large number of mitochondria and low ATPase activity.,a relatively small number of mitochondria and low ATPase activity.,a relatively small number of mitochondria and high ATPase activity.,a relatively large number of mitochondria and high ATPase activity.,C,False,0.35352618,0.40059763,0.16699393,0.07888235
The rate of blood lactate accumulation is determined by:,the rate of muscle lactate production and the rate of muscle lactate efflux.,the rate of anaerobic glycolysis.,the rate of muscle glucose uptake.,the difference between the rate of lactate appearance and the rate of lactate clearance.,D,False,0.4125157,0.36404383,0.15175605,0.07168448
The enzymes of glycolysis are located in the:,mitochondrion.,nucleus.,cytoplasm.,lysosomes.,C,True,0.031813998,0.1258268,0.8204938,0.02186542
"The energy released from the breakdown of the high-energy phosphates, ATP and phosphocreatine, can sustain maximal exertion exercise for about:",1-2 seconds.,5-10 seconds.,30-40 seconds.,50-60 seconds.,B,True,0.111373805,0.49914274,0.30274537,0.086738005
Prosthetic groups are:,required by all enzymes in the cell.,loosely bound to enzymes via hydrogen bonds.,sites on the enzyme molecule that permit allosteric modification of enzyme activity.,tightly bound to enzymes and are required for their activity.,D,True,0.080461174,0.15032126,0.36060196,0.40861556
Which of the following is true in peripheral neuropathy?,Sensory loss is demonstrated in a stocking distribution,The tone is increased bilaterally in the legs,Reflexes are very brisk with reinforcement,Weakness is more marked proximally than distally,A,False,0.20272683,0.33424002,0.20272683,0.2603064
Which of the following is true about involuntary movements in the arm?,Alcohol makes the tremor of benign essential tremor worse,Hemiballismus is due to a stroke causing paralysis of the distal half of the arm,A 'milkmaid' grip is sometimes found in dystonia,Writer's cramp is an example of a focal dystonia,D,False,0.20345806,0.3354456,0.23054817,0.23054817
Which of these options is not recognized as a cause of chronic cough?,Gastro-oesophageal reflux disease,Angiotensin Converting Enzyme (ACE) inhibitors,Long-term smoking,Sodium valproate,D,False,0.23201755,0.38253227,0.20475478,0.18069544
Which of the following is recommended for cleaning the mouth?,Hydrogen peroxide.,Water.,Lemon and glycerine swabs.,Normal saline.,B,False,0.10331434,0.2808375,0.5246735,0.09117459
As a general principle what is the best approach to the use of analgesic drugs following surgery?,Give drugs only 'as required'.,Give drugs regularly with provision for additional 'as required' pain relief for breakthrough pain.,Use long-acting drugs twice daily.,Give only when pain scores are high.,B,True,0.17604758,0.6962817,0.08315899,0.044511795
Which of the following best describes nociceptive pain?,"Pain resulting from actual or potential tissue damage, which causes the release of chemical mediators that stimulate nerve fibres to initiate pain signals to the brain.",Pain resulting from pressure upon a nerve or group of nerves.,A disorder of a specific nerve or group of nerves resulting in the release of abnormal pain signals.,"Pain resulting from a disorder of the central nervous system, i.e. following a cerebral vascular accident.",A,True,0.7504644,0.1477752,0.07909836,0.02266206
Complete the following: A variation of serial peak flow readings over a two week period are considered diagnostic in . . .,. . . asthma.,. . . COPD.,. . . pneumonia.,. . . tuberculosis.,A,False,0.16540074,0.39677578,0.30900928,0.12881424
Under which circumstances would you not use a catheter valve?,If the patient is post-operative.,If the patient chooses it.,If the patient has bladder sensation.,If urine does not need to be measured.,A,True,0.33318326,0.2594834,0.22899328,0.17834015
Which of the following is true of Paget's Disease?,Bowing of a long bone is a characteristic feature,Spinal cord compression is a common complication,Heart failure is not a recognized complication,Pathological fractures are not a feature,A,False,0.3347401,0.42981482,0.13954043,0.09590465
Your first action following confirmation of cardiac arrest is to:,ensure the emergency team/services are called.,give two rescue breaths.,give 30 chest compressions.,check the notes to see if the patient has a DNAR order.,A,False,0.1652582,0.39643383,0.34985164,0.08845635
What is an urgent reason for catheterizing a patient?,Acute urinary retention.,Urinary tract infection.,Incontinence.,Because they asked.,A,False,0.32003143,0.465643,0.13340895,0.08091662
Which of the following is true?,Increasing the protein intake above 3 grams per kg body mass per day will stimulate muscle growth and increase strength.,Creatine supplements can increase muscle strength and power.,Amino acid supplements can increase muscle strength and power.,Muscle damage is induced by shortening contractions.,B,True,0.27252734,0.34993201,0.2122445,0.16529618
"Who has legal responsibility for a patient's care during hospital admission, stay, and discharge?",The named nurse.,The named consultant.,The ward manager.,The GP.,B,True,0.2405149,0.5769653,0.1136112,0.06890868
Endurance training increases the muscle's capacity to:,contract faster.,break down phosphocreatine.,burn fat and carbohydrate.,generate energy anaerobically.,C,True,0.09040854,0.27847788,0.3155568,0.3155568
An action potential arriving at the motor endplate causes release of:,acetylcholine which traverses the neuromuscular junction.,sodium ions which binds to sodium receptors on the muscle membrane.,calcium ions which initiate an action potential along the muscle fibre.,noradrenaline which increases muscle metabolic activity.,A,False,0.19404839,0.3625301,0.3625301,0.08089141
Your patient has diabetes. Why is this important?,These patients are more likely to bleed.,These patients are more likely to get urinary tract infections if their blood sugar is unstable.,These patients are more likely to have clear urine.,These patients are less likely to have catheter encrustation.,B,True,0.2777126,0.4578707,0.14864884,0.115767844
What is meant by the term 'passive movements'?,"Movement with resistance, stretching at end of range.","Movement without resistance, stretching at end of range.","Movement with resistance, stopping at end of range.","Movement without resistance, stopping at end of range.",D,False,0.5730552,0.30673435,0.087880865,0.032329563
What is a tracheostomy?,An opening in the anterior wall of the trachea above the cricoid cartilage.,An opening in the anterior wall of the trachea below the cricoid cartilage.,An opening in the anterior chest wall.,An opening in the posterior wall of the trachea below the cricoid cartilage.,B,False,0.56730634,0.23648846,0.1434375,0.052767713
Which of the following is true of haematemesis?,A low blood pressure (<90mmHg systolic) and a tachycardia (>100/min) are worrying features,A pulse rate of 80/min in a patient taking Bisoprolol is reassuring,Abdominal pain is always present,An alcohol history is not essential,A,False,0.2733283,0.3509605,0.18785562,0.18785562
Which of the following is true of rheumatoid arthritis?,Rheumatoid factor is present in 25% of rheumatoid cases,It is an example of an oligoarthropathy,Anaemia is a common finding,Heberden's nodes are a feature,C,False,0.21180661,0.3081768,0.24000832,0.24000832
Why should careful consideration be given to providing people aged over 65 with information sources that are internet based?,They may have difficulty reading the screen.,Less than 30% of people over 65 years have access to the internet.,The internet is aimed at younger people.,They may not be able to type.,B,True,0.20845583,0.5666417,0.12643485,0.09846756
Which of the following is true about the carpal tunnel syndrome?,It can be caused by rheumatoid arthritis,It is caused by compression of the ulna nerve,It causes pain and tingling in the medial three and half digits,Paraesthesia is worse during the day,A,False,0.16724168,0.5837308,0.14759026,0.1014372
How many CO2 and ATP molecules are formed during one complete turn of the tricarboxylic acid cycle (Krebs' cycle)?,2CO2 and 2ATP,2CO2 and 16ATP,2CO2 and 12ATP,2CO2 and 1ATP,D,False,0.16645652,0.5127222,0.2421928,0.078628495
"Which potential complication of IV therapy is described thus: 'Leakage of vesicant (irritant) medication or fluid into surrounding tissues, causing tissue damage'?",Extravasation.,Phlebitis.,Inflammation.,Infiltration.,A,True,0.41902325,0.32633564,0.19793256,0.05670863
Which of the following is present in saliva and has an antibacterial action?,Lysozyme.,Amylase.,Sodium chloride.,Mucus.,A,False,0.37992546,0.43051195,0.1583765,0.031186182
The genome is:,the number of chromosomes found in the somatic cells of an organism.,the entire DNA sequence of an organism.,the entire list of proteins that an organism is capable of producing.,the DNA sequence of an entire chromosome.,B,True,0.2696514,0.5037751,0.12737429,0.099199206
Alterations in which neurotransmitters in the brain by pharmacological agents has been shown to influence fatigue development?,Acetyl choline and noradrenaline.,Dopamine and acetyl choline.,Glutamate and serotonin.,Dopamine and serotonin.,D,False,0.17834015,0.33318326,0.22899328,0.2594834
In all-out exercise such as sprinting the first fibre types to fatigue are the:,Type I fibres.,Type Ia fibres.,Type IIa fibres.,Type IIX fibres.,D,False,0.1595629,0.3827715,0.29810274,0.1595629
The main fate of lactate that leaves muscle and enters the circulation is:,conversion to urea in the liver.,conversion to glucose in the heart.,excretion via the kidneys.,uptake and oxidation by other tissues.,D,True,0.03822546,0.13341998,0.3626731,0.46568146
The most rapid method to resynthesize ATP during exercise is through:,glycolysis.,phosphocreatine breakdown.,tricarboxylic acid cycle (Krebs' cycle).,glycogenolysis.,B,True,0.16925913,0.5907724,0.14937066,0.09059788
Which of the following is true in a sensory assessment of the arm?,It is acceptable to test pain with a venepuncture needle,Proprioception is appreciated via the same tracts as light touch,It is best to test vibration sense with a 256 Hz tuning fork,Impulses for pain travel principally up the dorsal columns,B,True,0.16529618,0.34993201,0.2122445,0.27252734
The blood glucose concentration during 80-90 minutes of intermittent high intensity exercise:,frequently rises by 1 - 3 mM.,remains relatively unchanged.,frequently falls by 1 - 3 mM.,falls to hypoglycaemic levels.,A,False,0.23954497,0.30758184,0.30758184,0.14529137
One of the most common reasons for stoma formation is:,irritable bowel syndrome.,haemorrhoids.,carcinoma.,bladder instability.,C,True,0.08255462,0.28814396,0.47506908,0.15423235
A surgical support can be used for:,prolapsed stomas.,high output stomas.,herniation around the stoma.,retraction of the stoma.,C,False,0.3069538,0.39413646,0.21096605,0.08794373
What size of catheter bag may be used at night?,350ml.,500ml.,1L.,2L.,D,False,0.23900674,0.3940555,0.23900674,0.12793109
Anaerobic metabolism refers to the generation of ATP:,without the involvement of ADP.,without the use of glycogen.,without the use of oxygen.,in the absence of available oxygen.,C,False,0.16075328,0.26503736,0.23389466,0.34031472
Approximately how many kJ of energy are expended if an athlete's steady-rate oxygen uptake averages 3.0 l/min for 5 minutes of exercise?,60 kJ,150 kJ,300 kJ,500 kJ,C,False,0.17163265,0.41172534,0.28297442,0.13366765
A patient has been on the operating table for four hours. How long may it take for any pressure damage to be visible?,12 hours.,72 hours.,24 hours.,5 days.,B,False,0.088727385,0.21284594,0.51059085,0.18783589
Eccrine and apocrine glands are both types of:,sweat glands.,salivary glands.,chemoreceptors.,tear ducts.,A,True,0.4691808,0.32246295,0.1523207,0.056035656
Which of the following is true of the assessment of power in the arms?,Grade 3/5 (MRC scale) represents movement of the arm only when gravity is eliminated,Flexion at the elbow is produced by the triceps muscle,The root value of shoulder abduction is C5,Grade 1/5 power represents no movement or muscle contraction,C,False,0.22638911,0.29068938,0.25653246,0.22638911
"Two of the following are evident - pain at IV site, erythema, and swelling. What stage on the phlebitis scale is this and what should you do?",Stage 1 - observe cannula.,Stage 2 - re-site cannula.,Stage 3 - re-site cannula and consider treatment.,Stage 0 - do nothing.,B,False,0.0291991,0.27703333,0.6645684,0.0291991
Which hormone is primarily responsible for fluid regulation?,Antidiuretic hormone.,Insulin.,Adrenaline.,Testosterone.,A,True,0.5752405,0.30790406,0.08821599,0.028639536
The low intake of carbohydrate in the diet:,does not influence exercise performance in events lasting less than 10 minutes.,affects the resting muscle pH.,may impair high intensity exercise performance.,results in greater reliance on muscle glycogen during exercise.,C,False,0.17989805,0.29660174,0.2617501,0.2617501
Phophocreatine resynthesis during recovery from exercise is inhibited by:,an excess of creatine.,hyperventilation.,an excess of oxygen.,a lack of oxygen.,D,True,0.18520358,0.30534908,0.16344157,0.34600583
The transcription of DNA to a molecule of messenger RNA occurs:,on the ribosomes.,in the cytosol.,in the nucleus.,only during cell division.,C,True,0.15259793,0.19593963,0.5326191,0.11884339
Oedema is the presence of:,excessive intravascular fluid.,excessive extravascular fluid.,excessive intracranial fluid.,excessive necrotic cells.,B,True,0.2661362,0.49720788,0.12571384,0.11094208
Why should the short-acting bronchodilator be taken first?,"It works to dilate the airways quickly, allowing better deposition of other medications.",They are colour-coded.,It is warmer than the others.,It is less moist than the others.,A,True,0.54211146,0.25607532,0.13706724,0.064745985
Which of the following is true about an intention tremor?,It is worse at rest,It is caused by Parkinson's Disease,It is indicative of a cerebellar lesion,Dyscalculia is a common association,C,False,0.17796798,0.33248794,0.33248794,0.15705618
Glucose is transported into the muscle cell:,via protein transporters called GLUT4.,only in the presence of insulin.,via hexokinase.,via monocarbylic acid transporters.,A,True,0.48881716,0.3359588,0.109069854,0.066154204
Oxygen is used:,in glycolysis.,in the conversion of fatty acids to acetyl CoA.,in the tricarboxylic acid cycle (Krebs' cycle).,in glycogenolysis.,B,True,0.17432259,0.32567745,0.32567745,0.17432259
Measuring the blood pressure in an arm that is above the level of the heart will:,accurately estimate the blood pressure.,overestimate the blood pressure.,cause an auscultatory gap.,underestimate the blood pressure.,D,False,0.23705068,0.3908305,0.2091965,0.16292238
When you are taking a musculoskeletal history which of the following is true?,Drugs may be implicated in the causation of gout,A history of diarrhoea is not relevant,Difficulty rising from a chair is diagnostic of polymyalgic rheumatica,Joint stiffness of 5 minutes duration suggests an arthropathy,A,False,0.19739848,0.32545507,0.25346467,0.2236818
Why are male patients advised to take their own electric razor to hospital?,For patient comfort.,To make hospital as familiar as possible.,To minimize risk of cross-infection.,To allow shaving at a time convenient to the patient.,C,True,0.11185279,0.23679237,0.44238636,0.20896852
Which organ secretes insulin?,The gastric parietal cells.,The pancreas.,The walls of the large intestine.,The autonomic nervous system.,B,True,0.086991586,0.8253532,0.041091915,0.04656324
"When teaching a patient inhaler technique, how will you ensure that a large proportion of the drug reaches the lower airways?","Ask them to take lots of small, quick breaths in before using the inhaler.",Ask them to breathe normally when using the inhaler.,Ask them to perform the procedure as quickly as they can.,Ask them to hold their breath at the end of the inspiration on using the inhaler.,D,False,0.19957983,0.37286422,0.29038695,0.13716908
Why should a patient stand or sit as upright as possible when recording a peak flow rate?,To ensure best lung expansion and accuracy and consistency of readings.,This is the most comfortable position to perform any breathing test.,The counter on the meter will not move if the patient is lying down.,To ensure that their technique can be observed easily.,A,True,0.7677458,0.1511781,0.063020416,0.018055651
Why might a patient need a tracheostomy?,To repair vocal cords after paralysis.,To aid swallowing.,As an aid to weaning patients from a ventilator.,Prior to neck surgery.,C,False,0.0901792,0.19090936,0.3147563,0.4041551
"In general, the higher the intensity of exercise, the greater the proportional contribution of:",aerobic energy production.,anaerobic energy production.,the TCA cycle (Krebs' cycle) to the production of ATP.,the electron transfer chain to the production of ATP.,B,True,0.21494922,0.45504752,0.21494922,0.11505403
What is the second commonest hospital acquired infection?,Urinary infection.,Wound infection.,Upper respiratory tract infection.,Ventilator-associated pneumonia.,D,False,0.06526129,0.6191819,0.17739858,0.13815816
Phosphocreatine in the muscle cell is found in:,the mitochondria.,all subcellular compartments.,the sarcolemma.,the cytoplasm.,D,True,0.07467233,0.2953348,0.2953348,0.33465815
The patient's self-report of pain is important because health care staff:,can overestimate the intensity of the patient's pain.,underestimate the intensity of the patient's pain.,do not possess an objective way of assessing pain.,can use the information to prescribe and administer the least possible amount of pain relief.,C,False,0.25653246,0.29068938,0.22638911,0.22638911
