0,1,2,3,4,5,llama_7B_ga_followturn_20000/ckp7500_correct,llama_7B_ga_followturn_20000/ckp7500_choiceA_probs,llama_7B_ga_followturn_20000/ckp7500_choiceB_probs,llama_7B_ga_followturn_20000/ckp7500_choiceC_probs,llama_7B_ga_followturn_20000/ckp7500_choiceD_probs
The main factor preventing subsistence economies from advancing economically is the lack of,a currency.,a well-connected transportation infrastructure.,government activity.,a banking service.,B,False,0.24062313,0.30896622,0.39672047,0.053690277
The tendency for a population to continue to grow long after replacement fertility has been achieved is called,zero population growth.,rapid growth rate.,homeostatic plateau.,demographic momentum.,D,False,0.046255052,0.5635019,0.20730077,0.18294227
The tendency for migration to decrease with distance is called,push factors.,pull factors.,distance decay.,migration selectivity.,C,False,0.2308919,0.5538809,0.1798188,0.03540842
"Which zone contains low-income slums, ethnic ghettos, and general deterioration in Burgess's concentric zone model of urban form?",First,Second,Third,Fourth,A,True,0.37463313,0.37463313,0.17696416,0.07376964
Which of the following statements is TRUE concerning women in the labor force?,Most women work in agriculture,The percentage of women economically active in the labor force declined worldwide,The percentage of women in the total labor force declined,Women spend more hours per day working than men in all regions except Anglo America and Australia,D,False,0.12515067,0.63556755,0.097467445,0.14181429
All the following factors can be considered pull factors of migration EXCEPT,safety.,better climate.,better schools.,overcrowding.,D,False,0.1875964,0.5778376,0.16555324,0.06901286
Which of the following countries does NOT have a well-known example of a relict boundary?,Vietnam,United Kingdom,Germany,Bolivia,D,False,0.085540906,0.23252428,0.38336772,0.2985671
Which form of migration below are farm workers from another country most likely to be practicing during the year?,Chain migration,Cluster migration,Circular migration,International migration,C,False,0.18926768,0.40067968,0.16702813,0.24302451
Which of the following is a centrifugal force in a country?,Religious differences,A national holiday,An attack by another country,A charismatic national leader,A,False,0.22210716,0.47020087,0.13471481,0.17297724
Early settlements and high population density along coastlines and rivers are best attributed to which of the following?,Mediterranean climate,Limited forest cover,Growth of manufacturing,Access to trade routes,D,False,0.3790505,0.09583897,0.22990575,0.29520482
The first stage of the demographic transition exhibits,high birth rates with high but fluctuating death rates.,declining birth rates with continuing high death rates.,low birth rates with continuing high death rates.,high birth rates with declining death rates.,A,True,0.43932247,0.26646256,0.18313685,0.11107811
What is the population statistic that tells us the level of fertility at which a population will have just enough births to replace parents and compensate for early deaths?,Crude birth rate,Replacement level,Mortality rate,Total fertility rate,B,True,0.005110825,0.9739508,0.003099872,0.017838532
What is the most rapidly growing religion in the United States today?,Islam,Christianity,Hinduism,Buddhism,A,False,0.093813896,0.78549415,0.093813896,0.026878132
The outlying area serviced by a urban center is referred to as a,redline area.,threshold.,range.,hinterland.,D,False,0.19201899,0.24655724,0.5556253,0.0057984707
The best definition of an urban area is,the central city and its developed areas.,the central city and its surrounding suburbs.,the central city and its hinterlands.,the central city and the adjacent counties.,B,True,0.2033432,0.48779497,0.29586262,0.012999295
Which of the following religions developed first?,Buddhism,Christianity,Islam,Hinduism,D,False,0.050910924,0.7028036,0.2013566,0.04492873
Which one of the following is NOT a characteristic of world cities?,World cities contain the headquarters of many transnational corporations.,World cities are well connected to secondary-level world cities.,World cities contain many offices of multinational organizations.,World cities are found only in the northern and western hemispheres.,D,True,0.13832484,0.20126146,0.17761262,0.48280114
Which type of transportation system created the star-shaped city pattern?,Highways to airports that link cities,Interstate highways that link cities,Beltways around cities,Streetcar and trolley lines extending from the CBD,D,False,0.0932767,0.41803718,0.11976966,0.3689165
In which urban US setting below would you expect to find planned communities?,Ghettos,Suburbs,CBDs,Transition zones,B,True,0.090713255,0.52201873,0.31662038,0.07064755
The latitude and longitude coordinates of a place are an example of,a formal region.,a functional region.,an absolute location.,a relative location.,C,True,0.13847792,0.15691604,0.62061495,0.083991095
The voluntary association of three or more countries willing to give up some measure of sovereignty is called,nationalism.,devolution.,supranationalism.,complementarity.,C,True,0.18441246,0.16274343,0.64366275,0.009181356
The key factor Thomas Malthus failed to recognize in his population theory was,population is limited by their means of subsistence.,all populations have the potential to increase more than the actual rate of increase.,wars and famine inhibit population's reproductive capacity.,technology's ability to raise the Earth's carrying capacity.,D,True,0.22700894,0.29148525,0.10723143,0.37427446
Which pair of religions are both universalizing religions?,Islam and Judaism,Judaism and Buddhism,Hinduism and Buddhism,Christianity and Buddhism,D,False,0.23062675,0.38023922,0.23062675,0.15850729
Which urban model theorizes that high-rent residential areas grow outward from the center of the city along major highways with lower-rent inhabitants taking over sequentially?,Concentric zone model,Central place model,Urban realms model,Sector model,D,False,0.21249746,0.6545383,0.100376695,0.03258754
"When a country combines its religion with its government, it is called a",dictatorship.,theocracy.,democracy.,autocracy.,B,True,0.0220202,0.93632275,0.041139152,0.00051786547
What is the chief religion practiced in Europe?,Christianity,Islam,Hinduism,Animism,A,False,0.31140873,0.58178806,0.1010996,0.005703649
Which group enacted the first effective settlement in the eastern United States?,French,"British (English, Scotch-Irish, Welsh, Scottish)",Russian,Chinese,B,False,0.53764623,0.32609892,0.13593826,0.00031654205
"A population pyramid, or age-sex structure, displays all the following information about a country's population EXCEPT",future social spending needs of the population.,"the impact of ""baby booms"" on the population.",the impact of wars on the population.,a quick visual depiction of the country's demographics.,B,False,0.083596215,0.039488055,0.17697318,0.6999425
The Rhine River is an example of which type of boundary?,Geometric,Artificial,Natural,Relict,C,True,0.040454745,0.2989224,0.6328187,0.027804114
Which type of economic activity is most closely tied to the physical environment?,Primary,Secondary,Tertiary,Quaternary,A,False,0.2825783,0.5279257,0.15125325,0.038242813
The majority of workers in periphery countries are probably employed in which type of activities?,Primary,Secondary,Tertiary,Quaternary,A,False,0.1863335,0.5739476,0.1863335,0.053385448
All of the following are non-basic jobs in the city EXCEPT,city firefighter.,social worker.,dry cleaner.,garment factory worker.,D,False,0.1482449,0.51742554,0.089915074,0.24441451
Transnational corporations distribute their operations,manufacturing goods where production costs are the highest.,conducting accounting and research services where economical.,based on comparative advantage.,with headquarters located in LDCs.,C,False,0.16524743,0.2121819,0.11357279,0.5089979
Which of the following is LEAST associated with the development of alluvial landscapes?,A deep cover of loose materials,A predominance of gentle slopes,Frequent flooding,Deep dissection and erosion,D,False,0.22592203,0.2900896,0.3287146,0.15527378
Which of the following is LEAST self-sufficient in the natural resources needed for modern industry?,United States,Japan,France,United Kingdom,B,False,0.374448,0.3304492,0.20042758,0.09467528
One of the effects of the east–west orientation of the Alpine mountain system and the northern plains of western and central Europe is that it,limits the marine climate of Europe to coastal areas,provides a corridor for communication between southern and northern Europe,enables marine-like climatic conditions to extend eastward into Germany and Poland,effectively prevents population movement between parts of the Mediterranean region,C,False,0.45943406,0.3157641,0.1915206,0.033281293
The largest Hindu temple complex ever constructed is found in,Calcutta.,Bombay.,Cambodia.,Bali.,C,False,0.2132795,0.39845854,0.1465847,0.24167733
Which term describes the forces that unify and strengthen a country?,Diffusion,Centrifugal,Centripetal,Ethnocentric,C,False,0.3903337,0.3903337,0.2089306,0.010402041
Which one of the following statements best describes an application of the S-curve?,Graph of the Bantu migration,Graph of the growth of human populations since their first appearance on Earth,The chart showing how cities associate with one another based on their population sizes,A model showing the decrease in population growth for several countries after they industrialize,D,False,0.0739435,0.3755161,0.29245222,0.2580882
Which of the following items is NOT a challenge to the state?,Transnational corporations,EU,World Trade Organization,Good transportation network,D,False,0.15705977,0.42693272,0.15705977,0.2589478
"National sports teams, flags, national anthems, and national holidays all promote",nationalism.,sectarianism.,political unrest.,functional disputes.,A,True,0.53922594,0.25471228,0.19837014,0.0076916446
"The process whereby immigrants learn the values, language, and customs of their new country is called",assimilation.,acculturation.,adaptation.,amalgamation.,B,True,0.041144874,0.936453,0.022023264,0.00037893117
"On which of the following can one most accurately depict true geographical distance, true direction, true size, and true shape?",A Mercator projection,A globe,A conic projection,A gnomonic projection,B,True,0.41269884,0.46764904,0.08126522,0.03838697
Which of the following could be considered a higher-order central place function?,Winn-Dixie grocery store,Mercedes-Benz dealership,Shoe store,Family doctor,B,True,0.17103897,0.5969846,0.19381253,0.03816395
Which geographer viewed the US urban community of the 1920s as a set of concentric rings radiating outward from a central core?,Rostow,Ravenstein,Von Thünen,Burgess,D,False,0.21644855,0.27792543,0.35686332,0.14876276
"To get to school in the morning, we ALL use this as our guide:",Rand-McNally Road Atlas.,world globe.,road map.,mental map.,D,False,0.15091601,0.033673916,0.76641476,0.048995256
"Of these, the map using the smallest map scale would be the map of",the world.,"Atlanta, Georgia.","Main Street, Small Town, Ohio.",Pennsylvania.,A,False,0.16734913,0.24349155,0.58410585,0.0050535058
An earlier boundary formed before meticulous geographic knowledge and mapping was available is known as,an antecedent boundary.,a geometric boundary.,a relict boundary.,a subsequent boundary.,A,False,0.20468113,0.556381,0.2319341,0.0070038033
Which of the following jobs is in the non-basic employment sector?,Software engineer,F-10 pickup truck assembly-line worker,Oil refinery worker,Parking lot attendant,D,False,0.04704317,0.50576174,0.09959039,0.34760463
In which of the following regions is subsistence agriculture being replaced by large-scale commercial development?,The Swiss Alps,The Amazon Basin,North Africa,The Alaskan tundra,B,True,0.083991095,0.62061495,0.13847792,0.15691604
A strong movement away from all religions is called,secularism.,heathenism.,sacrilege.,nationalism.,A,True,0.41462526,0.41462526,0.15253212,0.018217362
Regions share all of these characteristics EXCEPT,boundaries.,common features.,relative location.,easily defined.,D,False,0.049909912,0.8846744,0.0640856,0.0013300541
Which of the following U.S. main immigration flow associations is NOT correct?,"Pioneer settlement to 1870—Germans, British, Scotch-Irish, Africans",1870–1914—Asians,1870–1914—Eastern and southern Europeans,1965–present—Hispanics,B,False,0.34239623,0.26665846,0.1832715,0.20767382
Which one of the statements below is characteristic of most African cities?,"They have thriving, clean residential areas.",There are jobs for most rural-to-urban migrants.,They have three separate business districts.,They have a well-developed infrastructure.,C,False,0.08560019,0.3385553,0.14113085,0.43471363
Which country faces a serious trade disadvantage due to its location?,Singapore,Italy,Spain,Mongolia,D,False,0.18588814,0.50529635,0.1640457,0.14476983
"In which zone of Burgess's concentric zone model would one find better houses, single-family homes, and higher-rent apartments?",First,Second,Third,Fourth,C,False,0.32821423,0.47754887,0.15503742,0.039199598
The theory that every society develops economically according to a five-stage pattern of growth is attributed to,Rostow.,Ravenstein.,von Thünen.,Burgess.,A,True,0.5068738,0.27131,0.21129642,0.01051983
Which of the following would NOT be considered a barrier to diffusion of a cultural trait?,Language,Religion,Oceans,Tolerant complaisant citizens,D,False,0.16298708,0.4430448,0.20927955,0.18468855
The process of invasion and succession is a process involving migration and is best described as when,new residents tear down and rebuild housing units.,new residents live peacefully with old residents.,new residents assimilate with old residents completely.,new residents move into areas occupied by older resident groups.,D,True,0.18468855,0.20927955,0.16298708,0.4430448
Which of the following best illustrates the definition of a functional region?,A map showing Atlanta as a hub for Delta Airlines,An article describing the region referred to as the South,A map showing North Carolina's one hundred counties,An essay explaining the region known as the Bible Belt,A,False,0.10480418,0.19579999,0.41450858,0.2848873
New stores opening around a large shopping mall reflect which concept?,Gravity concept,Distance decay,Complementarity,Movement bias,D,False,0.026760153,0.88617456,0.072741635,0.014323678
The birth of an urban industrial workforce in Europe contributed to the start of the,First Agricultural Revolution.,Second Agricultural Revolution.,Third Agricultural Revolution.,Fourth Agricultural Revolution.,B,True,0.23111542,0.3810449,0.33627093,0.051568817
Which of the following statements about East Asia's industrial regions is true?,Japan has a rich natural resource base.,China lacks natural resources but has a massive labor force.,China is industrializing rapidly.,Taiwan lacks industrial enterprise and an educated workforce.,C,False,0.17796798,0.33248794,0.33248794,0.15705618
Which of the following statements best describes the United Nations?,The UN operates a worldwide police force.,Member states surrender sovereignty to the UN.,World laws are enforced by the UN.,The UN often practices interventionism in world conflicts.,D,False,0.26747528,0.3030892,0.3030892,0.12634638
Which of the following is a formal region?,Dixie,Pennsylvania,The market area of Winn-Dixie,The Pacific Northwest,B,False,0.09473664,0.08360479,0.12164426,0.70001435
The concentration of production activities and people spatially to benefit everyone is called,the substitution principle.,deglomeration.,agglomeration.,infrastructure.,C,True,0.2010798,0.17745231,0.6193694,0.002098456
"Which language family contains Italian, Spanish, Portuguese, and Romanian?",European,Slavic,Germanic,Romance,D,False,0.071900524,0.6020157,0.10461464,0.2214692
"Ankara, Turkey and Islamabad, Pakistan are both examples of",desert cities.,forward-thrust capitals.,old colonial capitals.,rival cities.,B,True,0.21683097,0.5894077,0.19135265,0.0024087746
Which of the following is NOT an example of syncretism?,Halloween,Foreign cuisine changed to suit American tastes,Hasidic Judaism,Catholicism in Louisiana,C,True,0.08676311,0.26724917,0.34315473,0.302833
The theory that whoever controlled the landmass of Europe would rule the world is called the,devolution theory.,domino theory.,heartland theory.,rimland theory.,C,False,0.44380885,0.3456387,0.20964046,0.0009120084
Which group represents the Persian (Iranian) variation of Islam and believes in the infallibility and divine right to authority of the Imams descended from Ali?,Sunni,Shiite,Imam,Untouchables,B,True,0.18540514,0.6471275,0.16361946,0.003847961
The multiplier effect is,the addition of non-basic workers to an urban economy that has added more basic workers.,a ratio of urban to rural workers in an economy.,the ratio of city workers to farm workers in an economy.,the addition of rural jobs created by the urban economy.,A,True,0.39768398,0.30971658,0.14629976,0.14629976
The sacred book of the Hindu is called the,Talmud.,Bible.,Torah.,Veda.,D,False,0.05735786,0.29128727,0.54419625,0.107158594
Which of the following is a distinct characteristic of an East European city?,A central park,Prominent religious buildings,A large central square surrounded by government and administrative buildings,Luxury apartment buildings,C,False,0.18866372,0.45258075,0.3110539,0.047701657
Which of the following countries is actively trying to preserve the purity of their native language from contamination by English or other languages?,Italy,Russia,Japan,Brazil,C,False,0.23271461,0.55825335,0.18123832,0.027793797
Which of the following is an example of a bulk-gaining industry?,Steel,Bottled orange juice,Paper,Copper,B,True,0.1062544,0.69286567,0.13643335,0.064446546
Which of the following is NOT a feature of an export processing zone (EPZ)?,Tariff reductions on exports,Raw materials imported duty-free,Exemption from customs duties,Strict pollution regulations,D,False,0.10723143,0.37427446,0.22700894,0.29148525
Which of the following characteristics is NOT true of a state?,Independent territory,Internationally recognized,Boundaries,A national language,D,False,0.05489395,0.4596214,0.40561447,0.079870224
"You are planning to move from your hometown to Pittsburgh. Along the way, you stop in Columbus, Ohio to visit a relative and fall in love with the city! You decide to stay and make Columbus your new home. This is an example of",intervening opportunity.,distance decay.,involuntary migration.,push-pull factors.,A,False,0.07634191,0.82075286,0.09802495,0.004880375
A large node of office and commercial land use outside the central city with more jobs than residents is a(n),suburb.,primate city.,town.,edge city.,D,False,0.08691069,0.56672883,0.16237053,0.18398991
Which crop began the Third Agricultural Revolution?,Rice,Wheat,Barley,Millet,A,False,0.21703696,0.090474464,0.102520995,0.5899676
Which factor in the last quarter century greatly destabilized Eastern Europe and led to ethnic conflict?,The introduction of new languages,The end of the Cold War,The invasion by the Soviets,The acceptance of many Eastern European countries into the EU,B,True,0.14647873,0.5793346,0.2131253,0.061061416
"If I wanted to ship a small piece of very valuable jewelry to my aunt who lives in Poughkeepsie, which mode of transportation makes the most sense?",Truck,Air,Ship,Railroad,B,False,0.045375932,0.03533881,0.9114,0.007885155
Which of the following is a functional region?,Dixie,Pennsylvania,The market area of Winn-Dixie,The Pacific Northwest,C,False,0.13832484,0.17761262,0.20126146,0.48280114
Which type of city model contains a distinct residential spine proceeding outward from center city along the main boulevard?,European,Muslim,Sub-Saharan African,Latin American,D,False,0.28315374,0.5994365,0.10416645,0.0132432785
What family do most European languages belong to?,Ural-Altaic,Basque,Indo-European,Phoenician,C,True,0.056133877,0.06360802,0.8780816,0.0021765467
"What do the terms apartheid, ethnic cleansing, and integration all have in common?",They all occurred in Nazi Germany during World War I.,They are all forms of residential segregation.,They are all ways to integrate different ethnic populations in neighborhoods.,They are different expressions for the same concept.,B,False,0.050917633,0.039654694,0.90253663,0.006890952
Which one of the statements below correctly describes immigrants living in Europe?,Most find citizenship easy to get in host countries.,Muslims immigrants from North Africa are well integrated in France.,Immigrants to European cities rarely bring their families.,They are usually restricted to certain neighborhoods.,D,False,0.3147563,0.4041551,0.19090936,0.0901792
Which of the following activities are NOT secondary economic activities?,Assembling automotive parts,Sewing shirts,Mining copper,Binding books,C,False,0.36083657,0.46332332,0.13274436,0.043095786
Johnny and Susie are moving to Scotland to renovate and live in the family castle. What makes their move a migration?,They are crossing another country's borders.,They are not taking anything with them.,They are moving permanently.,They will be gone more than one year.,C,True,0.12531361,0.2066072,0.636395,0.03168424
Which of the following entities is a state?,Antarctica,American Samoa,Egypt,Marshall Islands,C,False,0.266374,0.43917644,0.266374,0.02807561
What is the most abundant fossil fuel?,Phosphate,Oil,Petroleum,Coal,D,False,0.122457124,0.79852074,0.074274,0.004748178
A rejection of or indifference to religion in a country is called,polytheism.,animism.,secularism.,monotheism.,C,True,0.14300925,0.11137571,0.72626084,0.019354196
"In a postindustrial economy, which of the following resources is considered most important to increase productivity?",Energy,Labor,Information,Specialization,C,False,0.10322741,0.5940327,0.17019323,0.13254662
A city that is more than twice as large as the next largest city in a country is called a,global city.,world leader city.,megalopolis.,primate city.,D,False,0.29561478,0.20317285,0.48738635,0.013826087
Every country with a seacoast has an exclusive economic zone (EEZ) under the UN Convention on the Law of the Sea. Which one of the following statements regarding the Law of the Sea and the EEZ is NOT correct?,The EEZ extends up to 200 nautical miles (370 km) from the coastline.,Countries have the right to exploit natural resources in their EEZ.,Countries can exploit resources on the continental shelf extending up to 350 nautical miles (560 km) beyond their EEZ.,A country does not have the right to exploit living resources in its EEZ.,D,False,0.4369797,0.34032014,0.12519678,0.09750336
Which of the following is MOST likely to experience population pressure?,An industrial society with abundant natural resources and large imports of food,A society with a highly mechanized agricultural sector,A non-ecumene,A slash-and-burn agricultural society,D,False,0.10594562,0.36978653,0.19793248,0.32633546
"Part of the boundary between the United States and Mexico is the Rio Grande, an example of",a water divider.,a watercourse.,an artificial boundary.,a natural boundary.,D,True,0.038820036,0.038820036,0.038820036,0.8835399
"When we talk about diffusion of a cultural trait, what do we mean by ""hearth""?",Destination,Origin point,All locations along the diffusion path,Axis point,B,True,0.03377033,0.67829525,0.28275552,0.0051788483
The distance north and south of the equator is the,global grid system.,Prime Meridian,latitude.,longitude.,C,False,0.20899238,0.50134665,0.23681939,0.052841548
Why are perceptual or vernacular regions so difficult to identify?,Boundaries are constantly being redrawn.,"Physical features, such as rivers, are constantly shifting.",Defining criteria are subjective and differ among researchers.,Antecedent boundaries were drawn before humans were located in the regions.,C,True,0.20927955,0.16298708,0.4430448,0.18468855
Which structure(s) traditionally occupies the center of a historic Asian city?,A central market,High-density housing,A religious building,Government office buildings,C,False,0.30782422,0.39525414,0.27165395,0.02526775
Which description best describes the urban hierarchy model in which the population of a city is inversely proportional to its rank in the hierarchy?,Multiplier effect,Rank-size rule,Central place theory,Burgess's sector model,B,True,0.1569381,0.62070227,0.1569381,0.06542154
Which of the following is a major concern in countries with a large and rapidly aging population?,Immunization,Adequate schools,Daycare facilities,Health care,D,True,0.12571384,0.2661362,0.11094208,0.49720788
Which of the following capital cities is located OUTSIDE the central core area of the country?,"Abuja, Nigeria","Paris, France","London, United Kingdom","Cairo, Egypt",A,False,0.17911972,0.4296859,0.2953185,0.09587588
"Spanish colonial architecture, uneven economic development, and rural-to-urban migration flows are most commonly found in which of the following?",Southeast Asia,Sub-Saharan Africa,North America,Latin America,D,False,0.061498124,0.13019153,0.4544131,0.35389727
The purpose for the creation of NATO was to,defend North America and Western Europe against the threat of communism.,form an economic alliance for trade between Europe and North America.,defend Europe against a second Nazi invasion.,defend northern Europe against Chinese missiles.,A,True,0.4440342,0.34581417,0.18510099,0.025050694
Which of the following is NOT a key milestone reached by the EU?,The introduction of a common currency used by many EU countries,A customs union,A single market,A common European language,D,False,0.19215041,0.35898423,0.31680247,0.13206293
The use and spread of English in nineteenth-century India is an example of what type of diffusion?,Stimulus,Contagious,Hierarchal,Relocation,C,False,0.10299039,0.86232793,0.021587957,0.013093757
The theory that most migration occurs over a short distance and in steps is attributed to,Rostow.,Ravenstein.,von Thünen.,Burgess.,B,False,0.42584357,0.3316473,0.22793764,0.014571565
"The way of life based on breeding and herding of animals that are used as a source of food, shelter, and clothing is called",swidden.,subsistence farming.,pastorialism.,hunting and gathering.,C,False,0.016313346,0.6936611,0.28916097,0.0008645756
The European Union (EU) replaced which of the following organizations?,NATO,EEC,UN,ASEAN,B,True,0.031769104,0.92842937,0.031769104,0.008032488
"The attempt by core countries to stimulate increased agricultural production in the periphery through use of technology, hybrid seed, and fertilizers is called the",First Agricultural Revolution.,Second Agricultural Revolution.,Third Agricultural Revolution.,Green Revolution.,D,True,0.22347485,0.22347485,0.13554433,0.41750595
Shifting cultivation is most often practiced in,alpine tundra.,tropical forests.,flood plains.,deserts.,B,True,0.107781045,0.5473573,0.331989,0.01287261
The migration streams into the United States between 1980 and the present have been primarily composed of emigrants from which of the following regions?,Europe and North Africa,Asia and Latin America,Sub-Saharan Africa and Oceania,Central Europe and Australia,B,True,0.26405776,0.6334416,0.06676426,0.03573633
Which one of the following North American associations is NOT correct?,Southeast—African Americans,Oklahoma and the Southwest—Native Americans,Quebec and northern Maine—French Americans and French Canadians,Southern prairie provinces—African Americans,D,False,0.12876844,0.3500289,0.21230327,0.30889943
Which of the following countries is NOT a federal state?,Canada,United States,France,People's Republic of China,C,False,0.13162771,0.4054419,0.21701743,0.24591295
Which of the following world regions is NOT considered one of the world's most densely populated regions?,South Asia,Europe,South America,Northeast United States,C,False,0.06837043,0.3934447,0.3934447,0.14474021
"Olives, grapes, and chickpeas are staple crops of which type of farming?",Pastoral nomadism,Subsistence,Plantation,Mediterranean,D,False,0.121873565,0.4820193,0.25800636,0.13810085
A person who practices the Hindu religion would be most likely to,visit a shrine built on the shore of a lake.,pray five times a day.,bathe in the Ganges River.,make a pilgrimage to Jerusalem.,C,False,0.18905625,0.45352235,0.24275303,0.11466841
"The language with the largest number of ""speakers"" is",English.,Russian.,Spanish.,Mandarin Chinese.,D,False,0.28378955,0.6007825,0.092132986,0.023294866
Which one of the following statements does NOT correctly describe the Green Revolution?,It changed centuries-old methods of farming.,It was an attempt to feed a growing world population.,"It centered on increased rice, wheat, and maize yields.",It greatly improved crop yields in sub-Saharan Africa.,D,False,0.15527378,0.3287146,0.22592203,0.2900896
"Historically, the world's major languages have spread by all of the following methods EXCEPT",Sanskrit records.,migration.,trade.,conquest.,A,False,0.0627102,0.86568767,0.03803566,0.033566352
A primate city is,a large city located on the periphery of the country.,the most important city in a country.,when the largest city in a country is more than twice the size of the next largest city.,the largest city in a country.,C,False,0.14915934,0.07983924,0.102515616,0.66848576
"Which of the following factors would be considered a ""pull"" factor for Riva when considering a move from India to the United States?",Abject poverty,Better job and higher wages,India's caste system,Violence in her neighborhood,B,True,0.06462338,0.8920982,0.02693903,0.016339349
All of the following are reasons major cities attract young people in Latin America EXCEPT,the availability of jobs.,the potential for decent housing.,educational opportunities.,their families live there already.,D,False,0.34452787,0.39040124,0.23679033,0.028280573
"Which language family is most widely spoken in North America and Europe and includes Baltic, Celtic, Germanic, and Greek?",Dravidian,Uralic-Altaic,Sino-Tibetan,Indo-European,D,False,0.23891515,0.06040721,0.39390448,0.30677313
Which theorist(s) tried to explain the prices of farm products as they relate to patterns of land use?,Rostow,Ravenstein,Von Thünen,Burgess,C,True,0.25628972,0.0393033,0.6966677,0.0077392785
Which of the following is NOT a spread effect in the core-periphery model of development?,Congestion in the core,High cost of labor in the core,High density in the core,More infrastructure in the core,D,False,0.12977205,0.5132584,0.11452343,0.2424461
Which of the following is NOT an important environmental factor influencing a country's agriculture?,Number of frost-free days per year,Availability of sufficient rainfall,Reliability of sufficient rainfall,Amount of fertilizer produced in the country,D,False,0.112578206,0.5045405,0.14455327,0.23832805
Which of the following countries is situated in the region of tectonic activity known as the Pacific Ring of Fire?,Brazil,Australia,Chile,India,C,True,0.009526072,0.13150337,0.8575097,0.0014608705
"Which one of the following statements is NOT true of the ""core"" countries?",They are technologically advanced.,They are wealthy.,They are powerful.,They are less developed.,D,True,0.13542573,0.28669629,0.25300857,0.32486945
"If you wanted to find the global distribution of coal, you would use a",reference map.,topographic map.,thematic map.,location map.,C,True,0.36891672,0.093276754,0.47369844,0.06410811
Which one of the following is NOT a centripetal force in a state?,A high level of confidence in central government,The existence of strong separatist groups,The existence of national transportation networks,The national anthem,B,True,0.19579999,0.41450858,0.2848873,0.10480418
The cities of Varanasi (Benares) in India and Mecca in Saudi Arabia are alike because both are,capitals of countries formerly colonized by the English,destinations for vast numbers of pilgrims,financial centers for a large fraction of the world's economy,examples of modern urban planning,B,True,0.266402,0.6390652,0.08648807,0.008044644
China and Vietnam's dispute over the Spratley Islands is,a positional dispute.,a territorial dispute.,a resource dispute.,a functional dispute.,C,False,0.21892998,0.76414067,0.013995725,0.002933663
Which of the following is NOT used by geographers to determine absolute location?,Longitude,Latitude,Equator,Distance to the nearest city,D,False,0.15988651,0.63236344,0.14109936,0.066650614
Which of the following is a characteristic of a developed country?,Over 50% of workforce engaged in agriculture,Women held in inferior place in society,Main disease related to age and lifestyle,High birth and death rates,C,False,0.28680977,0.41730574,0.22336768,0.072516866
"Mary lives in a neighborhood with stores, offices, and restaurants so close that she does not need to own a car; however, she feels she has very little privacy. This is an example of a(n)",win-win.,trade-off.,infill.,leapfrog development.,B,False,0.44688705,0.44688705,0.07765733,0.028568532
Which of the following items below is an absolute location?,10 miles east of Pittsburgh,Washington,3 degrees south,"479 Elm Street, Muncie, Indiana",D,False,0.30359888,0.30359888,0.18414204,0.20866026
Which one of the following groups is excluded from the caste system of Hinduism?,Scholar-priests,Warrior-landowners,Businessmen and farmers,Untouchables,D,True,0.01699535,0.021822462,0.14230034,0.81888187
Which of the following is a push factor?,Dissatisfaction with current jobs,Higher-paying jobs elsewhere,An attractive retirement community elsewhere,A pleasant climate,A,False,0.28960097,0.37185502,0.08297207,0.25557196
"The Basques, Bretons, Kashmiris, and Tamils are all examples of",regionalist groups.,separatist groups.,terrorist groups.,interventionist groups.,B,False,0.4322225,0.381435,0.18017714,0.0061653224
Which of the following factors does NOT play a role in gender relationships in a culture or society?,Biology,Advancements in technological development,Religion,Custom,A,False,0.15856855,0.17968169,0.43103397,0.23071587
The intensive agricultural practice of planting and harvesting the same crop more than once a year is called,swidden.,double cropping.,pastorialism.,intertillage.,B,True,0.022752542,0.9674627,0.007386669,0.0023981004
"When a new fashion design is introduced globally, the information initially travels through a process known as",contagious diffusion,relocation diffusion,innovative diffusion,hierarchical diffusion,D,False,0.24265453,0.24265453,0.45333833,0.06135267
Opponents of genetically modified organisms (GMOs) in food are afraid that the GMOs,will hinder global trade.,make plants more resistant to disease.,may cause irreversible changes in humans.,make plants more resistant to drought.,C,False,0.40101793,0.3538971,0.13019146,0.11489356
Which one of the following is NOT an advantage of urban agriculture?,Helping to solve the problem of solid waste disposal,Fresh produce for sale to others,Beautification of a dingy urban area,Renewed or purified water supplies,D,True,0.121445335,0.29133222,0.25709978,0.33012265
Which of the following is NOT a problem Europe currently faces today?,Rising immigration,Lack of population growth,Environmental apathy,Urban ethnic ghettos on the rise,C,False,0.23201755,0.38253227,0.20475478,0.18069544
The world systems theory divides the world into,"core, periphery, and semi-periphery.",rich and poor.,developed and undeveloped.,haves and have-nots.,A,False,0.4067641,0.46092412,0.116539866,0.015771955
The majority of Kurds are found in which country?,Iran,Iraq,Turkey,Egypt,C,False,0.08864374,0.65499353,0.24095866,0.015403972
In what country are the most Basque speakers found?,Denmark,Finland,Luxembourg,Spain,D,True,0.00976932,0.03863841,0.07218605,0.87940615
The most rapidly urbanizing area of the world is:,Europe,East Asia,Sub-Saharan Africa,South Asia,C,False,0.06190565,0.7541652,0.168277,0.015652198
The influence of neo-Malthusianism can be seen in,government programs for birth control and planning.,famine relief.,increased spending in social welfare programs.,increased total fertility rates.,A,False,0.1652582,0.34985164,0.08845635,0.39643383
The process of devolution involves,the change of government from a democracy to a communist dictatorship.,the movement of power from the central government to regional governments in the country.,the movement of power from a monarchy to a military dictatorship.,the movement of power from regional governments to central governments.,B,True,0.11677743,0.5930447,0.042960014,0.2472178
The theory that cities grow outward from a core utilizing several nodes of growth was proposed by,Rostow.,Ravenstein.,von Thünen.,Harris and Ullmann.,D,False,0.17579131,0.54147536,0.25577486,0.02695847
The theory that the main purpose of a settlement or market town is to furnish goods and services to the surrounding market area is called the,urban hierarchy theory.,central place theory.,concentric zone model.,multiplier effect.,B,True,0.17411953,0.7803496,0.04402431,0.0015064292
Which one of the following statements does NOT correctly describe transnational companies (TNCs)?,"Many TNCs operate in areas of electronics, chemicals, pharmaceuticals and petroleum.",Most TNCs produce and sell manufactured goods.,"Most TNCs are headquartered in the United States, Japan, and the European Union.",TNCs are generally controlled by foreign governments.,D,False,0.13429178,0.32214925,0.22140972,0.32214925
"The ""melting pot"" theory of combining several immigrant groups into one mainstream culture is called",amalgamation theory.,acculturation.,ethnic islands.,ethnic clustering.,A,True,0.5417436,0.37233457,0.08307907,0.0028428093
Which theory below was used as justification for US involvement in Vietnam in the 1960s and 1970s?,Devolution,Colonialism,Heartland theory,Containment theory,D,False,0.19163835,0.4597165,0.24606852,0.10257662
Urban agriculture can benefit urban society in all of the following ways EXCEPT,create sustainable food systems in urban areas.,provide jobs for women and children.,turn urban waste into a resource when utilized in safe manner.,replace agribusiness as the main focus of global food production.,D,False,0.5460414,0.33119088,0.05755234,0.06521535
Which one of the following organizations is NOT a supranational organization?,UN,NATO,ASEAN,PLO,D,False,0.06605628,0.33546147,0.55308247,0.045399774
Which one of the following demographic factors characterizes stages 4 and 5 in the demographic transition model?,Zero population growth,High mortality rates,High birth rates,High sex ratios,A,False,0.13910393,0.20239504,0.5501667,0.10833425
Which of the following statements does NOT describe a factor that contributed to suburbanization in the United States?,A shorter workweek made time for a commute possible.,Changes in the housing mortgage regulations made home ownership easier.,Fixed-route public transit routes increased in importance.,Improved automobiles made transportation easier and less limited.,C,False,0.22700894,0.29148525,0.10723143,0.37427446
An isobar map shows lines connecting all points of equal,atmospheric pressure,surface temperature,elevation,precipitation,A,False,0.051421974,0.20337784,0.7098584,0.03534177
Ralph purchases garden fertilizer at the nearby garden shop rather than drive 50 miles to the neighboring town for the same product. This reflects which type of spatial interaction?,Transferability,Complementarity,Intervening opportunity,Territoriality,C,False,0.11505252,0.85012954,0.029089833,0.005728128
What type of countries generally possesses a greater variety of climates and resources than other countries?,Perforated states,Fragmented states,Elongated states,Prorupt states,C,False,0.37327775,0.37327775,0.2264044,0.02704015
Which of the following factors has little or no impact on mortality rates in the developing countries?,New medicines,Improved birth control methods,Pesticides,Famine relief,B,False,0.40252653,0.2766522,0.19014007,0.13068123
"The idea that you identify with, and give allegiance, to a nation-state is",regionalism.,diffusion.,iconography.,nationalism.,D,True,0.10812015,0.035101473,0.05787255,0.79890585
What condition occurs when the people of one state want to annex a territory whose population is ethnically related to that state's population but now under the rule of another state?,Nationalism,Resource dispute,Irredentism,Positional dispute,C,False,0.2849819,0.5324163,0.17285025,0.009751544
"Variations in vocabulary, pronunciation, and rhythm in a spoken language are called",syntax.,isoglosses.,lingua francas.,dialects.,D,False,0.119846106,0.53711295,0.32577547,0.017265469
Boundary problems along the United States–Mexico border are caused by which type of issue below?,Ownership of fertile ground,Land use,Irredentism,Immigration,D,False,0.067250475,0.8192785,0.04622053,0.067250475
In which country does language pose a centrifugal force?,Canada,United States,Brazil,Norway,A,False,0.06373341,0.41559398,0.41559398,0.105078615
Quebec is a strong example of which of the following situations?,Irredentism,Secession,Ethnonationalism,A colony,C,False,0.023307193,0.77182823,0.19514874,0.009715884
Which of the following items below is NOT considered a barrier to the diffusion of an innovation?,Internet,Distance,Cultural obstacles,Government interference,A,False,0.09754494,0.56133235,0.26515463,0.07596807
Change in any culture is introduced through all the following processes EXCEPT,innovation.,diffusion.,acculturation.,gravity.,D,False,0.052924093,0.7305945,0.20931885,0.0071624964
Which of the following statements regarding historical North American migration streams is NOT correct?,Canada's first major migration came from France.,Canada's second major migration stream originated in the British Isles.,Canada's third major migration stream came from Latin America.,The first major migration wave to the United States originated in Europe.,C,False,0.23705068,0.3908305,0.2091965,0.16292238
A chief factor that contributed to the Second Agricultural Revolution was,the Industrial Revolution.,World War I.,World War II.,the discovery of the plow.,A,False,0.24921542,0.3626063,0.19408917,0.19408917
Zero population growth (ZPG) is achieved when,CBR – CDR 5 2.,Births 1 immigration 5 deaths 1 emigration.,Total fertility 5 3.,Replacement fertility is achieved.,B,True,0.17796798,0.33248794,0.15705618,0.33248794
In which of the following Asian countries would one find special economic zones (SEZs)?,Japan,South Korea,China,Vietnam,C,False,0.08038027,0.40820467,0.40820467,0.10321031
Which of the following industries does NOT need to be close to its markets?,Dairy foods,Bulk-gaining products,Single-market products,Bulk-reducing products,D,False,0.23500371,0.14253695,0.3874556,0.23500371
Which of the following is NOT a characteristic of a city in the developing world?,Contains modern centers of commerce,Has a well-developed infrastructure,Experiences large in-migrations of rural people into the city,Produces a large share of its country's GDI,B,False,0.07735682,0.27000183,0.30595216,0.34668922
A map that presents a single class of statistics is called a,general purpose map.,thematic map.,reference map.,mental map.,B,True,0.22157004,0.6022898,0.17255892,0.0035813462
The construction of freeways leads to all but which of the following results?,Urban sprawl,Traffic increase,Traffic congestion,Decreased dependency on cars,D,True,0.073253475,0.32829928,0.12077456,0.47767264
Which continent has the highest total fertility rates?,Africa,Asia,South America,Europe,A,False,0.07560428,0.6330269,0.18136525,0.11000358
What monotheistic religion is based on the life and teachings of Jesus Christ of Nazareth?,Islam,Christianity,Hinduism,Buddhism,B,True,0.03281097,0.95887715,0.0073211174,0.0009908054
Which of the following statements is true concerning folklore?,It is the written tradition of a group.,It encourages changing the old values and customs.,It serves to blend all cultures into one.,It expresses in words the shared values of a group by expressing their ideals.,D,True,0.090761386,0.24671501,0.07068504,0.59183854
The irregularity of the wet monsoon in South Asia in recent years may have a significant negative effect on which of the following?,Food production,Population patterns,Wildlife conservation efforts,Tourism,A,False,0.20739424,0.563756,0.06733105,0.1615188
"According to Alfred Weber's least-cost theory, which one of the following costs of production is the most important factor in locating an industry?",Labor,Transport,Raw materials,Agglomeration costs,B,False,0.0690129,0.18759653,0.08861432,0.6547762
The climate of Great Britain is milder than most other places along the same latitude for which of the following reasons?,"The Gulf Stream brings warm waters to Great Britain, raising the temperature of winds that blow onto the island.",Hot springs throughout the country raise the temperature of the surrounding land and air.,Mountain ranges in the north of Great Britain act as a barrier to cold winds blowing from the Arctic.,Small landmasses generate their own local climate and are largely unaffected by latitude.,A,True,0.6593284,0.18890075,0.1145741,0.037196763
Which of the following supranational organizations is not an economic union?,EU,CARICOM,NAFTA,NATO,D,False,0.01630562,0.6118639,0.32750717,0.044323273
The global lingua franca is,Chinese.,English.,French.,Arabic.,B,True,0.08110162,0.8719245,0.043410566,0.0035633564
What are the two major branches of Islam?,Sunni and Shinto,Shinto and Shiite,Sunni and Shiite,Shamanism and Shiite,C,False,0.38746247,0.3419344,0.2662988,0.004304319
What was the primary reason the Green Revolution did NOT help Africa much?,It targeted crops Africans don't grow and eat.,It required sophisticated machinery.,Population growth has fallen so drastically that Africans don't need the increased food production.,African agricultural production went up without its help.,A,False,0.117376454,0.103584364,0.103584364,0.67545485
The largest exporter of agricultural goods in the world is,China.,Mexico.,Chile.,the United States.,D,True,0.29190114,0.17704698,0.15624341,0.3748085
Which of the following statements is NOT part of Gunnar Myrdal's theory of cumulative causation?,Developing and developed regions share similarly in wealth through trade.,The core will always dominate the periphery.,Growth and prosperity of the core exists at the expense of the periphery.,"Regions with initial advantage keep and expand it as they attract labor, capital, and trade.",A,False,0.29133224,0.33012268,0.12144535,0.2570998
Which pair of religions below share a long-held tradition of cremating their dead?,Hindu and Buddhist,Hindu and Muslim,Muslim and Jewish,Christian and Buddhist,A,True,0.40388215,0.40388215,0.1021174,0.09011829
"The official languages of Guyana, Suriname, and French Guiana are English, Dutch, and French, respectively. On what continent are those countries located?",North America,South America,Africa,Asia,B,True,0.16181001,0.7251821,0.11121029,0.0017975469
