0,1,2,3,4,5,llama_7B_ga_alpacafirstturn_20000/ckp7500_correct,llama_7B_ga_alpacafirstturn_20000/ckp7500_choiceA_probs,llama_7B_ga_alpacafirstturn_20000/ckp7500_choiceB_probs,llama_7B_ga_alpacafirstturn_20000/ckp7500_choiceC_probs,llama_7B_ga_alpacafirstturn_20000/ckp7500_choiceD_probs
The main factor preventing subsistence economies from advancing economically is the lack of,a currency.,a well-connected transportation infrastructure.,government activity.,a banking service.,B,False,0.4924566,0.20528644,0.096970454,0.20528644
The tendency for a population to continue to grow long after replacement fertility has been achieved is called,zero population growth.,rapid growth rate.,homeostatic plateau.,demographic momentum.,D,False,0.41450858,0.2848873,0.10480418,0.19579999
The tendency for migration to decrease with distance is called,push factors.,pull factors.,distance decay.,migration selectivity.,C,False,0.6334416,0.26405776,0.06676426,0.03573633
"Which zone contains low-income slums, ethnic ghettos, and general deterioration in Burgess's concentric zone model of urban form?",First,Second,Third,Fourth,A,False,0.120412156,0.22495952,0.32731417,0.32731417
Which of the following statements is TRUE concerning women in the labor force?,Most women work in agriculture,The percentage of women economically active in the labor force declined worldwide,The percentage of women in the total labor force declined,Women spend more hours per day working than men in all regions except Anglo America and Australia,D,False,0.23994596,0.44827807,0.10002436,0.21175157
All the following factors can be considered pull factors of migration EXCEPT,safety.,better climate.,better schools.,overcrowding.,D,True,0.3605151,0.19296981,0.037998013,0.40851712
Which of the following countries does NOT have a well-known example of a relict boundary?,Vietnam,United Kingdom,Germany,Bolivia,D,True,0.033631865,0.09731703,0.10359343,0.7654577
Which form of migration below are farm workers from another country most likely to be practicing during the year?,Chain migration,Cluster migration,Circular migration,International migration,C,False,0.3179559,0.36029124,0.10322517,0.21852769
Which of the following is a centrifugal force in a country?,Religious differences,A national holiday,An attack by another country,A charismatic national leader,A,False,0.240623,0.3501044,0.10030659,0.30896604
Early settlements and high population density along coastlines and rivers are best attributed to which of the following?,Mediterranean climate,Limited forest cover,Growth of manufacturing,Access to trade routes,D,False,0.2575662,0.2575662,0.22730139,0.2575662
The first stage of the demographic transition exhibits,high birth rates with high but fluctuating death rates.,declining birth rates with continuing high death rates.,low birth rates with continuing high death rates.,high birth rates with declining death rates.,A,True,0.63870096,0.1829909,0.110989586,0.06731858
What is the population statistic that tells us the level of fertility at which a population will have just enough births to replace parents and compensate for early deaths?,Crude birth rate,Replacement level,Mortality rate,Total fertility rate,B,True,0.23832366,0.30601364,0.18560666,0.2700561
What is the most rapidly growing religion in the United States today?,Islam,Christianity,Hinduism,Buddhism,A,False,0.08081263,0.5971291,0.17108035,0.15097788
The outlying area serviced by a urban center is referred to as a,redline area.,threshold.,range.,hinterland.,D,False,0.56932706,0.18483344,0.20944372,0.03639586
The best definition of an urban area is,the central city and its developed areas.,the central city and its surrounding suburbs.,the central city and its hinterlands.,the central city and the adjacent counties.,B,False,0.43598574,0.23336636,0.23336636,0.097281575
Which of the following religions developed first?,Buddhism,Christianity,Islam,Hinduism,D,False,0.08227218,0.60791373,0.1356439,0.17417021
Which one of the following is NOT a characteristic of world cities?,World cities contain the headquarters of many transnational corporations.,World cities are well connected to secondary-level world cities.,World cities contain many offices of multinational organizations.,World cities are found only in the northern and western hemispheres.,D,True,0.19473653,0.19473653,0.08117826,0.52934873
Which type of transportation system created the star-shaped city pattern?,Highways to airports that link cities,Interstate highways that link cities,Beltways around cities,Streetcar and trolley lines extending from the CBD,D,True,0.2054128,0.2054128,0.2054128,0.3837616
In which urban US setting below would you expect to find planned communities?,Ghettos,Suburbs,CBDs,Transition zones,B,True,0.20912322,0.3447859,0.23696765,0.20912322
The latitude and longitude coordinates of a place are an example of,a formal region.,a functional region.,an absolute location.,a relative location.,C,False,0.44827807,0.23994596,0.21175157,0.10002436
The voluntary association of three or more countries willing to give up some measure of sovereignty is called,nationalism.,devolution.,supranationalism.,complementarity.,C,False,0.4350765,0.29902342,0.14124866,0.12465151
The key factor Thomas Malthus failed to recognize in his population theory was,population is limited by their means of subsistence.,all populations have the potential to increase more than the actual rate of increase.,wars and famine inhibit population's reproductive capacity.,technology's ability to raise the Earth's carrying capacity.,D,True,0.2523479,0.19652873,0.13507208,0.41605133
Which pair of religions are both universalizing religions?,Islam and Judaism,Judaism and Buddhism,Hinduism and Buddhism,Christianity and Buddhism,D,False,0.15073937,0.31911525,0.24852721,0.2816182
Which urban model theorizes that high-rent residential areas grow outward from the center of the city along major highways with lower-rent inhabitants taking over sequentially?,Concentric zone model,Central place model,Urban realms model,Sector model,D,False,0.36464268,0.32179603,0.19517916,0.11838214
"When a country combines its religion with its government, it is called a",dictatorship.,theocracy.,democracy.,autocracy.,B,False,0.45092008,0.27349687,0.14639232,0.12919077
What is the chief religion practiced in Europe?,Christianity,Islam,Hinduism,Animism,A,False,0.19929686,0.541745,0.17587885,0.08307929
Which group enacted the first effective settlement in the eastern United States?,French,"British (English, Scotch-Irish, Welsh, Scottish)",Russian,Chinese,B,False,0.45487344,0.45487344,0.047943305,0.042309824
"A population pyramid, or age-sex structure, displays all the following information about a country's population EXCEPT",future social spending needs of the population.,"the impact of ""baby booms"" on the population.",the impact of wars on the population.,a quick visual depiction of the country's demographics.,B,False,0.36060196,0.15032126,0.080461174,0.40861556
The Rhine River is an example of which type of boundary?,Geometric,Artificial,Natural,Relict,C,True,0.17301625,0.25173718,0.47030693,0.10493966
Which type of economic activity is most closely tied to the physical environment?,Primary,Secondary,Tertiary,Quaternary,A,False,0.07879424,0.45342955,0.3531313,0.114644945
The majority of workers in periphery countries are probably employed in which type of activities?,Primary,Secondary,Tertiary,Quaternary,A,False,0.15177217,0.3213017,0.4674912,0.05943484
All of the following are non-basic jobs in the city EXCEPT,city firefighter.,social worker.,dry cleaner.,garment factory worker.,D,True,0.26515445,0.14192696,0.09754487,0.49537373
Transnational corporations distribute their operations,manufacturing goods where production costs are the highest.,conducting accounting and research services where economical.,based on comparative advantage.,with headquarters located in LDCs.,C,False,0.4944954,0.18191469,0.18191469,0.14167531
Which of the following is LEAST associated with the development of alluvial landscapes?,A deep cover of loose materials,A predominance of gentle slopes,Frequent flooding,Deep dissection and erosion,D,False,0.33065623,0.20055315,0.17698753,0.2918031
Which of the following is LEAST self-sufficient in the natural resources needed for modern industry?,United States,Japan,France,United Kingdom,B,False,0.33248794,0.33248794,0.15705618,0.17796798
One of the effects of the east–west orientation of the Alpine mountain system and the northern plains of western and central Europe is that it,limits the marine climate of Europe to coastal areas,provides a corridor for communication between southern and northern Europe,enables marine-like climatic conditions to extend eastward into Germany and Poland,effectively prevents population movement between parts of the Mediterranean region,C,False,0.4054419,0.21701743,0.13162771,0.24591295
The largest Hindu temple complex ever constructed is found in,Calcutta.,Bombay.,Cambodia.,Bali.,C,False,0.2773529,0.2773529,0.13101223,0.314282
Which term describes the forces that unify and strengthen a country?,Diffusion,Centrifugal,Centripetal,Ethnocentric,C,False,0.40428436,0.3567797,0.09020804,0.14872791
Which one of the following statements best describes an application of the S-curve?,Graph of the Bantu migration,Graph of the growth of human populations since their first appearance on Earth,The chart showing how cities associate with one another based on their population sizes,A model showing the decrease in population growth for several countries after they industrialize,D,False,0.16592051,0.24141292,0.35125372,0.24141292
Which of the following items is NOT a challenge to the state?,Transnational corporations,EU,World Trade Organization,Good transportation network,D,False,0.20767382,0.34239623,0.1832715,0.26665846
"National sports teams, flags, national anthems, and national holidays all promote",nationalism.,sectarianism.,political unrest.,functional disputes.,A,True,0.5769653,0.2405149,0.06890868,0.1136112
"The process whereby immigrants learn the values, language, and customs of their new country is called",assimilation.,acculturation.,adaptation.,amalgamation.,B,False,0.5552458,0.3816145,0.035495676,0.02764406
"On which of the following can one most accurately depict true geographical distance, true direction, true size, and true shape?",A Mercator projection,A globe,A conic projection,A gnomonic projection,B,False,0.48006666,0.25696117,0.107117355,0.15585482
Which of the following could be considered a higher-order central place function?,Winn-Dixie grocery store,Mercedes-Benz dealership,Shoe store,Family doctor,B,False,0.38253227,0.23201755,0.20475478,0.18069544
Which geographer viewed the US urban community of the 1920s as a set of concentric rings radiating outward from a central core?,Rostow,Ravenstein,Von Thünen,Burgess,D,False,0.30359888,0.30359888,0.20866026,0.18414204
"To get to school in the morning, we ALL use this as our guide:",Rand-McNally Road Atlas.,world globe.,road map.,mental map.,D,False,0.48534,0.17854661,0.17854661,0.15756683
"Of these, the map using the smallest map scale would be the map of",the world.,"Atlanta, Georgia.","Main Street, Small Town, Ohio.",Pennsylvania.,A,True,0.4392176,0.23509625,0.18309313,0.14259307
An earlier boundary formed before meticulous geographic knowledge and mapping was available is known as,an antecedent boundary.,a geometric boundary.,a relict boundary.,a subsequent boundary.,A,True,0.34993201,0.2122445,0.27252734,0.16529618
Which of the following jobs is in the non-basic employment sector?,Software engineer,F-10 pickup truck assembly-line worker,Oil refinery worker,Parking lot attendant,D,True,0.18394874,0.23619486,0.23619486,0.3436615
In which of the following regions is subsistence agriculture being replaced by large-scale commercial development?,The Swiss Alps,The Amazon Basin,North Africa,The Alaskan tundra,B,True,0.11017014,0.38453156,0.20582493,0.29947346
A strong movement away from all religions is called,secularism.,heathenism.,sacrilege.,nationalism.,A,True,0.63881963,0.20739436,0.06733109,0.08645484
Regions share all of these characteristics EXCEPT,boundaries.,common features.,relative location.,easily defined.,D,True,0.29252622,0.17742611,0.04775359,0.48229417
Which of the following U.S. main immigration flow associations is NOT correct?,"Pioneer settlement to 1870—Germans, British, Scotch-Irish, Africans",1870–1914—Asians,1870–1914—Eastern and southern Europeans,1965–present—Hispanics,B,True,0.22950132,0.4287649,0.13919958,0.2025342
Which one of the statements below is characteristic of most African cities?,"They have thriving, clean residential areas.",There are jobs for most rural-to-urban migrants.,They have three separate business districts.,They have a well-developed infrastructure.,C,False,0.15069881,0.28154245,0.10357368,0.46418503
Which country faces a serious trade disadvantage due to its location?,Singapore,Italy,Spain,Mongolia,D,True,0.13471481,0.22210716,0.17297724,0.47020087
"In which zone of Burgess's concentric zone model would one find better houses, single-family homes, and higher-rent apartments?",First,Second,Third,Fourth,C,False,0.17796798,0.33248794,0.33248794,0.15705618
The theory that every society develops economically according to a five-stage pattern of growth is attributed to,Rostow.,Ravenstein.,von Thünen.,Burgess.,A,True,0.61029565,0.22451523,0.082594536,0.082594536
Which of the following would NOT be considered a barrier to diffusion of a cultural trait?,Language,Religion,Oceans,Tolerant complaisant citizens,D,True,0.09157279,0.15097801,0.08081271,0.6766365
The process of invasion and succession is a process involving migration and is best described as when,new residents tear down and rebuild housing units.,new residents live peacefully with old residents.,new residents assimilate with old residents completely.,new residents move into areas occupied by older resident groups.,D,False,0.3788722,0.20279567,0.15793742,0.2603948
Which of the following best illustrates the definition of a functional region?,A map showing Atlanta as a hub for Delta Airlines,An article describing the region referred to as the South,A map showing North Carolina's one hundred counties,An essay explaining the region known as the Bible Belt,A,False,0.21439138,0.18919975,0.35347164,0.24293727
New stores opening around a large shopping mall reflect which concept?,Gravity concept,Distance decay,Complementarity,Movement bias,D,False,0.27312723,0.27312723,0.24103393,0.2127117
The birth of an urban industrial workforce in Europe contributed to the start of the,First Agricultural Revolution.,Second Agricultural Revolution.,Third Agricultural Revolution.,Fourth Agricultural Revolution.,B,False,0.4028737,0.31375834,0.16794273,0.11542525
Which of the following statements about East Asia's industrial regions is true?,Japan has a rich natural resource base.,China lacks natural resources but has a massive labor force.,China is industrializing rapidly.,Taiwan lacks industrial enterprise and an educated workforce.,C,False,0.20002012,0.4234426,0.20002012,0.17651713
Which of the following statements best describes the United Nations?,The UN operates a worldwide police force.,Member states surrender sovereignty to the UN.,World laws are enforced by the UN.,The UN often practices interventionism in world conflicts.,D,False,0.49670464,0.26586685,0.07617213,0.16125639
Which of the following is a formal region?,Dixie,Pennsylvania,The market area of Winn-Dixie,The Pacific Northwest,B,False,0.27094764,0.21101423,0.21101423,0.30702388
The concentration of production activities and people spatially to benefit everyone is called,the substitution principle.,deglomeration.,agglomeration.,infrastructure.,C,False,0.45352235,0.18905625,0.24275303,0.11466841
"Which language family contains Italian, Spanish, Portuguese, and Romanian?",European,Slavic,Germanic,Romance,D,False,0.4041553,0.35666582,0.19090945,0.04826947
"Ankara, Turkey and Islamabad, Pakistan are both examples of",desert cities.,forward-thrust capitals.,old colonial capitals.,rival cities.,B,False,0.3247916,0.3247916,0.19699608,0.15342069
Which of the following is NOT an example of syncretism?,Halloween,Foreign cuisine changed to suit American tastes,Hasidic Judaism,Catholicism in Louisiana,C,False,0.18774992,0.45038867,0.08868679,0.27317455
The theory that whoever controlled the landmass of Europe would rule the world is called the,devolution theory.,domino theory.,heartland theory.,rimland theory.,C,False,0.49245664,0.20528647,0.20528647,0.09697046
Which group represents the Persian (Iranian) variation of Islam and believes in the infallibility and divine right to authority of the Imams descended from Ali?,Sunni,Shiite,Imam,Untouchables,B,True,0.23480837,0.49708933,0.12568386,0.14241847
The multiplier effect is,the addition of non-basic workers to an urban economy that has added more basic workers.,a ratio of urban to rural workers in an economy.,the ratio of city workers to farm workers in an economy.,the addition of rural jobs created by the urban economy.,A,True,0.55726045,0.20500466,0.09683735,0.14089751
The sacred book of the Hindu is called the,Talmud.,Bible.,Torah.,Veda.,D,False,0.5879878,0.3147272,0.054691385,0.042593695
Which of the following is a distinct characteristic of an East European city?,A central park,Prominent religious buildings,A large central square surrounded by government and administrative buildings,Luxury apartment buildings,C,False,0.26503736,0.23389466,0.16075328,0.34031472
Which of the following countries is actively trying to preserve the purity of their native language from contamination by English or other languages?,Italy,Russia,Japan,Brazil,C,True,0.12465149,0.14124864,0.43507645,0.2990234
Which of the following is an example of a bulk-gaining industry?,Steel,Bottled orange juice,Paper,Copper,B,True,0.22656651,0.37354502,0.19994426,0.19994426
Which of the following is NOT a feature of an export processing zone (EPZ)?,Tariff reductions on exports,Raw materials imported duty-free,Exemption from customs duties,Strict pollution regulations,D,True,0.05937647,0.2348385,0.14243676,0.5633483
Which of the following characteristics is NOT true of a state?,Independent territory,Internationally recognized,Boundaries,A national language,D,False,0.2039163,0.33620113,0.123681486,0.33620113
"You are planning to move from your hometown to Pittsburgh. Along the way, you stop in Columbus, Ohio to visit a relative and fall in love with the city! You decide to stay and make Columbus your new home. This is an example of",intervening opportunity.,distance decay.,involuntary migration.,push-pull factors.,A,True,0.3625301,0.3625301,0.19404839,0.08089141
A large node of office and commercial land use outside the central city with more jobs than residents is a(n),suburb.,primate city.,town.,edge city.,D,False,0.3647619,0.3647619,0.15205537,0.11842085
Which crop began the Third Agricultural Revolution?,Rice,Wheat,Barley,Millet,A,False,0.2236818,0.19739848,0.32545507,0.25346467
Which factor in the last quarter century greatly destabilized Eastern Europe and led to ethnic conflict?,The introduction of new languages,The end of the Cold War,The invasion by the Soviets,The acceptance of many Eastern European countries into the EU,B,True,0.16335094,0.44403386,0.087435454,0.30517972
"If I wanted to ship a small piece of very valuable jewelry to my aunt who lives in Poughkeepsie, which mode of transportation makes the most sense?",Truck,Air,Ship,Railroad,B,False,0.20243444,0.29454038,0.4285537,0.074471466
Which of the following is a functional region?,Dixie,Pennsylvania,The market area of Winn-Dixie,The Pacific Northwest,C,False,0.2896634,0.19908255,0.25562707,0.25562707
Which type of city model contains a distinct residential spine proceeding outward from center city along the main boulevard?,European,Muslim,Sub-Saharan African,Latin American,D,False,0.32222173,0.25094652,0.32222173,0.10461008
What family do most European languages belong to?,Ural-Altaic,Basque,Indo-European,Phoenician,C,False,0.3790505,0.22990575,0.29520482,0.09583897
"What do the terms apartheid, ethnic cleansing, and integration all have in common?",They all occurred in Nazi Germany during World War I.,They are all forms of residential segregation.,They are all ways to integrate different ethnic populations in neighborhoods.,They are different expressions for the same concept.,B,False,0.32623175,0.32623175,0.09346696,0.25406954
Which one of the statements below correctly describes immigrants living in Europe?,Most find citizenship easy to get in host countries.,Muslims immigrants from North Africa are well integrated in France.,Immigrants to European cities rarely bring their families.,They are usually restricted to certain neighborhoods.,D,True,0.21175157,0.23994596,0.10002436,0.44827807
Which of the following activities are NOT secondary economic activities?,Assembling automotive parts,Sewing shirts,Mining copper,Binding books,C,False,0.38443434,0.3392621,0.04313234,0.23317122
Johnny and Susie are moving to Scotland to renovate and live in the family castle. What makes their move a migration?,They are crossing another country's borders.,They are not taking anything with them.,They are moving permanently.,They will be gone more than one year.,C,False,0.39845854,0.2132795,0.24167733,0.1465847
Which of the following entities is a state?,Antarctica,American Samoa,Egypt,Marshall Islands,C,False,0.24937421,0.46589234,0.1334804,0.1512531
What is the most abundant fossil fuel?,Phosphate,Oil,Petroleum,Coal,D,False,0.32567745,0.32567745,0.17432259,0.17432259
A rejection of or indifference to religion in a country is called,polytheism.,animism.,secularism.,monotheism.,C,False,0.30601364,0.23832366,0.18560666,0.2700561
"In a postindustrial economy, which of the following resources is considered most important to increase productivity?",Energy,Labor,Information,Specialization,C,True,0.27792543,0.21644855,0.35686332,0.14876276
A city that is more than twice as large as the next largest city in a country is called a,global city.,world leader city.,megalopolis.,primate city.,D,False,0.6072102,0.22338016,0.11956678,0.04984285
Every country with a seacoast has an exclusive economic zone (EEZ) under the UN Convention on the Law of the Sea. Which one of the following statements regarding the Law of the Sea and the EEZ is NOT correct?,The EEZ extends up to 200 nautical miles (370 km) from the coastline.,Countries have the right to exploit natural resources in their EEZ.,Countries can exploit resources on the continental shelf extending up to 350 nautical miles (560 km) beyond their EEZ.,A country does not have the right to exploit living resources in its EEZ.,D,False,0.28108826,0.21891177,0.21891177,0.28108826
Which of the following is MOST likely to experience population pressure?,An industrial society with abundant natural resources and large imports of food,A society with a highly mechanized agricultural sector,A non-ecumene,A slash-and-burn agricultural society,D,False,0.2821834,0.24902599,0.21976466,0.24902599
"Part of the boundary between the United States and Mexico is the Rio Grande, an example of",a water divider.,a watercourse.,an artificial boundary.,a natural boundary.,D,False,0.5013271,0.30407026,0.12675534,0.067847244
"When we talk about diffusion of a cultural trait, what do we mean by ""hearth""?",Destination,Origin point,All locations along the diffusion path,Axis point,B,True,0.31092778,0.39923915,0.24215078,0.04768232
The distance north and south of the equator is the,global grid system.,Prime Meridian,latitude.,longitude.,C,False,0.49651942,0.23453917,0.18265928,0.086282134
Why are perceptual or vernacular regions so difficult to identify?,Boundaries are constantly being redrawn.,"Physical features, such as rivers, are constantly shifting.",Defining criteria are subjective and differ among researchers.,Antecedent boundaries were drawn before humans were located in the regions.,C,False,0.32412052,0.13511354,0.17348921,0.36727667
Which structure(s) traditionally occupies the center of a historic Asian city?,A central market,High-density housing,A religious building,Government office buildings,C,False,0.39768398,0.30971658,0.14629976,0.14629976
Which description best describes the urban hierarchy model in which the population of a city is inversely proportional to its rank in the hierarchy?,Multiplier effect,Rank-size rule,Central place theory,Burgess's sector model,B,False,0.35347164,0.24293727,0.18919975,0.21439138
Which of the following is a major concern in countries with a large and rapidly aging population?,Immunization,Adequate schools,Daycare facilities,Health care,D,False,0.19209586,0.3588823,0.169524,0.27949783
Which of the following capital cities is located OUTSIDE the central core area of the country?,"Abuja, Nigeria","Paris, France","London, United Kingdom","Cairo, Egypt",A,False,0.06206632,0.26130894,0.12343361,0.55319107
"Spanish colonial architecture, uneven economic development, and rural-to-urban migration flows are most commonly found in which of the following?",Southeast Asia,Sub-Saharan Africa,North America,Latin America,D,False,0.12302036,0.22983228,0.551339,0.09580835
The purpose for the creation of NATO was to,defend North America and Western Europe against the threat of communism.,form an economic alliance for trade between Europe and North America.,defend Europe against a second Nazi invasion.,defend northern Europe against Chinese missiles.,A,True,0.6911427,0.22438118,0.034409966,0.05006621
Which of the following is NOT a key milestone reached by the EU?,The introduction of a common currency used by many EU countries,A customs union,A single market,A common European language,D,False,0.2181526,0.3596728,0.062501766,0.3596728
The use and spread of English in nineteenth-century India is an example of what type of diffusion?,Stimulus,Contagious,Hierarchal,Relocation,C,False,0.30889943,0.3500289,0.12876844,0.21230327
The theory that most migration occurs over a short distance and in steps is attributed to,Rostow.,Ravenstein.,von Thünen.,Burgess.,B,False,0.48006666,0.25696117,0.15585482,0.107117355
"The way of life based on breeding and herding of animals that are used as a source of food, shelter, and clothing is called",swidden.,subsistence farming.,pastorialism.,hunting and gathering.,C,False,0.38453156,0.20582493,0.29947346,0.11017014
The European Union (EU) replaced which of the following organizations?,NATO,EEC,UN,ASEAN,B,True,0.32651004,0.47506928,0.15423241,0.044188328
"The attempt by core countries to stimulate increased agricultural production in the periphery through use of technology, hybrid seed, and fertilizers is called the",First Agricultural Revolution.,Second Agricultural Revolution.,Third Agricultural Revolution.,Green Revolution.,D,False,0.24937421,0.46589234,0.1334804,0.1512531
Shifting cultivation is most often practiced in,alpine tundra.,tropical forests.,flood plains.,deserts.,B,False,0.36891085,0.25354847,0.22375575,0.15378492
The migration streams into the United States between 1980 and the present have been primarily composed of emigrants from which of the following regions?,Europe and North Africa,Asia and Latin America,Sub-Saharan Africa and Oceania,Central Europe and Australia,B,True,0.24937421,0.46589234,0.1512531,0.1334804
Which one of the following North American associations is NOT correct?,Southeast—African Americans,Oklahoma and the Southwest—Native Americans,Quebec and northern Maine—French Americans and French Canadians,Southern prairie provinces—African Americans,D,False,0.12439832,0.4078864,0.15005302,0.31766224
Which of the following countries is NOT a federal state?,Canada,United States,France,People's Republic of China,C,False,0.061498124,0.35389727,0.13019153,0.4544131
Which of the following world regions is NOT considered one of the world's most densely populated regions?,South Asia,Europe,South America,Northeast United States,C,False,0.023909988,0.15591271,0.12142494,0.6987523
"Olives, grapes, and chickpeas are staple crops of which type of farming?",Pastoral nomadism,Subsistence,Plantation,Mediterranean,D,True,0.08794373,0.21096605,0.3069538,0.39413646
A person who practices the Hindu religion would be most likely to,visit a shrine built on the shore of a lake.,pray five times a day.,bathe in the Ganges River.,make a pilgrimage to Jerusalem.,C,False,0.41270334,0.28364658,0.15182507,0.15182507
"The language with the largest number of ""speakers"" is",English.,Russian.,Spanish.,Mandarin Chinese.,D,False,0.25094652,0.32222173,0.32222173,0.10461008
Which one of the following statements does NOT correctly describe the Green Revolution?,It changed centuries-old methods of farming.,It was an attempt to feed a growing world population.,"It centered on increased rice, wheat, and maize yields.",It greatly improved crop yields in sub-Saharan Africa.,D,True,0.18046775,0.26257905,0.12403356,0.43291965
"Historically, the world's major languages have spread by all of the following methods EXCEPT",Sanskrit records.,migration.,trade.,conquest.,A,True,0.42000514,0.37065324,0.07298595,0.1363557
A primate city is,a large city located on the periphery of the country.,the most important city in a country.,when the largest city in a country is more than twice the size of the next largest city.,the largest city in a country.,C,False,0.5014155,0.20902108,0.1267777,0.16278577
"Which of the following factors would be considered a ""pull"" factor for Riva when considering a move from India to the United States?",Abject poverty,Better job and higher wages,India's caste system,Violence in her neighborhood,B,False,0.3625301,0.3625301,0.08089141,0.19404839
All of the following are reasons major cities attract young people in Latin America EXCEPT,the availability of jobs.,the potential for decent housing.,educational opportunities.,their families live there already.,D,True,0.27774546,0.14866643,0.054691322,0.5188968
"Which language family is most widely spoken in North America and Europe and includes Baltic, Celtic, Germanic, and Greek?",Dravidian,Uralic-Altaic,Sino-Tibetan,Indo-European,D,True,0.27252734,0.2122445,0.16529618,0.34993201
Which theorist(s) tried to explain the prices of farm products as they relate to patterns of land use?,Rostow,Ravenstein,Von Thünen,Burgess,C,True,0.13832484,0.17761262,0.48280114,0.20126146
Which of the following is NOT a spread effect in the core-periphery model of development?,Congestion in the core,High cost of labor in the core,High density in the core,More infrastructure in the core,D,True,0.17712785,0.25771952,0.08366927,0.4814834
Which of the following is NOT an important environmental factor influencing a country's agriculture?,Number of frost-free days per year,Availability of sufficient rainfall,Reliability of sufficient rainfall,Amount of fertilizer produced in the country,D,True,0.0652613,0.13815817,0.17739859,0.61918193
Which of the following countries is situated in the region of tectonic activity known as the Pacific Ring of Fire?,Brazil,Australia,Chile,India,C,False,0.104085356,0.3632936,0.28293332,0.24968779
"Which one of the following statements is NOT true of the ""core"" countries?",They are technologically advanced.,They are wealthy.,They are powerful.,They are less developed.,D,True,0.10803692,0.2591671,0.08413924,0.54865676
"If you wanted to find the global distribution of coal, you would use a",reference map.,topographic map.,thematic map.,location map.,C,False,0.70961547,0.10882306,0.12331268,0.058248784
Which one of the following is NOT a centripetal force in a state?,A high level of confidence in central government,The existence of strong separatist groups,The existence of national transportation networks,The national anthem,B,False,0.1334804,0.24937421,0.1512531,0.46589234
The cities of Varanasi (Benares) in India and Mecca in Saudi Arabia are alike because both are,capitals of countries formerly colonized by the English,destinations for vast numbers of pilgrims,financial centers for a large fraction of the world's economy,examples of modern urban planning,B,False,0.2816182,0.24852721,0.15073937,0.31911525
China and Vietnam's dispute over the Spratley Islands is,a positional dispute.,a territorial dispute.,a resource dispute.,a functional dispute.,C,False,0.5478889,0.2932638,0.10788572,0.050961606
Which of the following is NOT used by geographers to determine absolute location?,Longitude,Latitude,Equator,Distance to the nearest city,D,False,0.06143746,0.45396486,0.083975054,0.40062258
Which of the following is a characteristic of a developed country?,Over 50% of workforce engaged in agriculture,Women held in inferior place in society,Main disease related to age and lifestyle,High birth and death rates,C,False,0.30758184,0.23954497,0.14529137,0.30758184
"Mary lives in a neighborhood with stores, offices, and restaurants so close that she does not need to own a car; however, she feels she has very little privacy. This is an example of a(n)",win-win.,trade-off.,infill.,leapfrog development.,B,False,0.32332504,0.25180578,0.25180578,0.17306343
Which of the following items below is an absolute location?,10 miles east of Pittsburgh,Washington,3 degrees south,"479 Elm Street, Muncie, Indiana",D,True,0.1279823,0.18621314,0.23910241,0.4467021
Which one of the following groups is excluded from the caste system of Hinduism?,Scholar-priests,Warrior-landowners,Businessmen and farmers,Untouchables,D,True,0.094264306,0.13715376,0.22612832,0.54245365
Which of the following is a push factor?,Dissatisfaction with current jobs,Higher-paying jobs elsewhere,An attractive retirement community elsewhere,A pleasant climate,A,False,0.27306432,0.24097842,0.08865101,0.39730623
"The Basques, Bretons, Kashmiris, and Tamils are all examples of",regionalist groups.,separatist groups.,terrorist groups.,interventionist groups.,B,False,0.42212164,0.22594544,0.17596647,0.17596647
Which of the following factors does NOT play a role in gender relationships in a culture or society?,Biology,Advancements in technological development,Religion,Custom,A,False,0.0636214,0.28513134,0.28513134,0.3661159
The intensive agricultural practice of planting and harvesting the same crop more than once a year is called,swidden.,double cropping.,pastorialism.,intertillage.,B,False,0.34031472,0.26503736,0.23389466,0.16075328
"When a new fashion design is introduced globally, the information initially travels through a process known as",contagious diffusion,relocation diffusion,innovative diffusion,hierarchical diffusion,D,False,0.56367433,0.2073642,0.08644226,0.14251919
Opponents of genetically modified organisms (GMOs) in food are afraid that the GMOs,will hinder global trade.,make plants more resistant to disease.,may cause irreversible changes in humans.,make plants more resistant to drought.,C,False,0.4820193,0.25800636,0.121873565,0.13810085
Which one of the following is NOT an advantage of urban agriculture?,Helping to solve the problem of solid waste disposal,Fresh produce for sale to others,Beautification of a dingy urban area,Renewed or purified water supplies,D,True,0.14664404,0.21336582,0.18829468,0.45169547
Which of the following is NOT a problem Europe currently faces today?,Rising immigration,Lack of population growth,Environmental apathy,Urban ethnic ghettos on the rise,C,False,0.26247722,0.38190207,0.12398545,0.23163532
The world systems theory divides the world into,"core, periphery, and semi-periphery.",rich and poor.,developed and undeveloped.,haves and have-nots.,A,True,0.6856029,0.15297869,0.10514061,0.056277715
The majority of Kurds are found in which country?,Iran,Iraq,Turkey,Egypt,C,False,0.29539207,0.29539207,0.23005158,0.17916435
In what country are the most Basque speakers found?,Denmark,Finland,Luxembourg,Spain,D,False,0.19034775,0.5174188,0.19034775,0.1018858
The most rapidly urbanizing area of the world is:,Europe,East Asia,Sub-Saharan Africa,South Asia,C,False,0.19090936,0.4041551,0.3147563,0.0901792
The influence of neo-Malthusianism can be seen in,government programs for birth control and planning.,famine relief.,increased spending in social welfare programs.,increased total fertility rates.,A,True,0.35898423,0.19215041,0.13206293,0.31680247
The process of devolution involves,the change of government from a democracy to a communist dictatorship.,the movement of power from the central government to regional governments in the country.,the movement of power from a monarchy to a military dictatorship.,the movement of power from regional governments to central governments.,B,False,0.52564675,0.24829793,0.05540276,0.17065251
The theory that cities grow outward from a core utilizing several nodes of growth was proposed by,Rostow.,Ravenstein.,von Thünen.,Harris and Ullmann.,D,False,0.45527646,0.35456967,0.14780663,0.04234731
The theory that the main purpose of a settlement or market town is to furnish goods and services to the surrounding market area is called the,urban hierarchy theory.,central place theory.,concentric zone model.,multiplier effect.,B,False,0.6743727,0.21893676,0.08054233,0.026148265
Which one of the following statements does NOT correctly describe transnational companies (TNCs)?,"Many TNCs operate in areas of electronics, chemicals, pharmaceuticals and petroleum.",Most TNCs produce and sell manufactured goods.,"Most TNCs are headquartered in the United States, Japan, and the European Union.",TNCs are generally controlled by foreign governments.,D,True,0.29947343,0.20582488,0.11017012,0.3845315
"The ""melting pot"" theory of combining several immigrant groups into one mainstream culture is called",amalgamation theory.,acculturation.,ethnic islands.,ethnic clustering.,A,True,0.4745339,0.32614207,0.09344126,0.10588282
Which theory below was used as justification for US involvement in Vietnam in the 1960s and 1970s?,Devolution,Colonialism,Heartland theory,Containment theory,D,False,0.13716908,0.37286422,0.19957983,0.29038695
Urban agriculture can benefit urban society in all of the following ways EXCEPT,create sustainable food systems in urban areas.,provide jobs for women and children.,turn urban waste into a resource when utilized in safe manner.,replace agribusiness as the main focus of global food production.,D,True,0.29306233,0.12216655,0.037258692,0.5475125
Which one of the following organizations is NOT a supranational organization?,UN,NATO,ASEAN,PLO,D,False,0.11185279,0.44238636,0.23679237,0.20896852
Which one of the following demographic factors characterizes stages 4 and 5 in the demographic transition model?,Zero population growth,High mortality rates,High birth rates,High sex ratios,A,False,0.23500371,0.3874556,0.23500371,0.14253695
Which of the following statements does NOT describe a factor that contributed to suburbanization in the United States?,A shorter workweek made time for a commute possible.,Changes in the housing mortgage regulations made home ownership easier.,Fixed-route public transit routes increased in importance.,Improved automobiles made transportation easier and less limited.,C,False,0.17761262,0.20126146,0.13832484,0.48280114
An isobar map shows lines connecting all points of equal,atmospheric pressure,surface temperature,elevation,precipitation,A,True,0.37993598,0.17946905,0.17946905,0.26112592
Ralph purchases garden fertilizer at the nearby garden shop rather than drive 50 miles to the neighboring town for the same product. This reflects which type of spatial interaction?,Transferability,Complementarity,Intervening opportunity,Territoriality,C,False,0.39066133,0.4426773,0.09877466,0.06788676
What type of countries generally possesses a greater variety of climates and resources than other countries?,Perforated states,Fragmented states,Elongated states,Prorupt states,C,False,0.22375575,0.15378492,0.25354847,0.36891085
Which of the following factors has little or no impact on mortality rates in the developing countries?,New medicines,Improved birth control methods,Pesticides,Famine relief,B,True,0.28096655,0.4088039,0.11712428,0.1931053
"The idea that you identify with, and give allegiance, to a nation-state is",regionalism.,diffusion.,iconography.,nationalism.,D,False,0.56327635,0.23480852,0.07623117,0.12568395
What condition occurs when the people of one state want to annex a territory whose population is ethnically related to that state's population but now under the rule of another state?,Nationalism,Resource dispute,Irredentism,Positional dispute,C,False,0.2828645,0.2828645,0.15140647,0.2828645
"Variations in vocabulary, pronunciation, and rhythm in a spoken language are called",syntax.,isoglosses.,lingua francas.,dialects.,D,False,0.69067246,0.22422852,0.06424255,0.020856502
Boundary problems along the United States–Mexico border are caused by which type of issue below?,Ownership of fertile ground,Land use,Irredentism,Immigration,D,True,0.16261172,0.3037987,0.14350435,0.39008525
In which country does language pose a centrifugal force?,Canada,United States,Brazil,Norway,A,False,0.19475931,0.36385828,0.2206912,0.2206912
Quebec is a strong example of which of the following situations?,Irredentism,Secession,Ethnonationalism,A colony,C,False,0.4330672,0.38218045,0.109496534,0.0752558
Which of the following items below is NOT considered a barrier to the diffusion of an innovation?,Internet,Distance,Cultural obstacles,Government interference,A,False,0.10537091,0.32456526,0.15331377,0.41675004
Change in any culture is introduced through all the following processes EXCEPT,innovation.,diffusion.,acculturation.,gravity.,D,True,0.28067362,0.21858883,0.03798504,0.46275255
Which of the following statements regarding historical North American migration streams is NOT correct?,Canada's first major migration came from France.,Canada's second major migration stream originated in the British Isles.,Canada's third major migration stream came from Latin America.,The first major migration wave to the United States originated in Europe.,C,False,0.2236818,0.32545507,0.19739848,0.25346467
A chief factor that contributed to the Second Agricultural Revolution was,the Industrial Revolution.,World War I.,World War II.,the discovery of the plow.,A,True,0.44238636,0.20896852,0.11185279,0.23679237
Zero population growth (ZPG) is achieved when,CBR – CDR 5 2.,Births 1 immigration 5 deaths 1 emigration.,Total fertility 5 3.,Replacement fertility is achieved.,B,False,0.3788722,0.15793742,0.20279567,0.2603948
In which of the following Asian countries would one find special economic zones (SEZs)?,Japan,South Korea,China,Vietnam,C,True,0.1271446,0.18499433,0.5028667,0.18499433
Which of the following industries does NOT need to be close to its markets?,Dairy foods,Bulk-gaining products,Single-market products,Bulk-reducing products,D,True,0.20475478,0.23201755,0.18069544,0.38253227
Which of the following is NOT a characteristic of a city in the developing world?,Contains modern centers of commerce,Has a well-developed infrastructure,Experiences large in-migrations of rural people into the city,Produces a large share of its country's GDI,B,False,0.13162771,0.21701743,0.24591295,0.4054419
A map that presents a single class of statistics is called a,general purpose map.,thematic map.,reference map.,mental map.,B,False,0.53406394,0.17338517,0.17338517,0.11916578
The construction of freeways leads to all but which of the following results?,Urban sprawl,Traffic increase,Traffic congestion,Decreased dependency on cars,D,False,0.42434603,0.29164848,0.083558686,0.20044687
Which continent has the highest total fertility rates?,Africa,Asia,South America,Europe,A,False,0.1617928,0.38812074,0.26675123,0.18333524
What monotheistic religion is based on the life and teachings of Jesus Christ of Nazareth?,Islam,Christianity,Hinduism,Buddhism,B,True,0.21838032,0.5936192,0.17007476,0.017925747
Which of the following statements is true concerning folklore?,It is the written tradition of a group.,It encourages changing the old values and customs.,It serves to blend all cultures into one.,It expresses in words the shared values of a group by expressing their ideals.,D,False,0.33012268,0.29133224,0.12144535,0.2570998
The irregularity of the wet monsoon in South Asia in recent years may have a significant negative effect on which of the following?,Food production,Population patterns,Wildlife conservation efforts,Tourism,A,False,0.14428142,0.34611315,0.16349226,0.34611315
"According to Alfred Weber's least-cost theory, which one of the following costs of production is the most important factor in locating an industry?",Labor,Transport,Raw materials,Agglomeration costs,B,False,0.20866026,0.18414204,0.30359888,0.30359888
The climate of Great Britain is milder than most other places along the same latitude for which of the following reasons?,"The Gulf Stream brings warm waters to Great Britain, raising the temperature of winds that blow onto the island.",Hot springs throughout the country raise the temperature of the surrounding land and air.,Mountain ranges in the north of Great Britain act as a barrier to cold winds blowing from the Arctic.,Small landmasses generate their own local climate and are largely unaffected by latitude.,A,True,0.5658897,0.23589793,0.086782,0.111430295
Which of the following supranational organizations is not an economic union?,EU,CARICOM,NAFTA,NATO,D,False,0.09359071,0.5059466,0.3068721,0.09359071
The global lingua franca is,Chinese.,English.,French.,Arabic.,B,False,0.46488422,0.3620522,0.055522505,0.11754114
What are the two major branches of Islam?,Sunni and Shinto,Shinto and Shiite,Sunni and Shiite,Shamanism and Shiite,C,False,0.49914297,0.34305564,0.11137386,0.04642753
What was the primary reason the Green Revolution did NOT help Africa much?,It targeted crops Africans don't grow and eat.,It required sophisticated machinery.,Population growth has fallen so drastically that Africans don't need the increased food production.,African agricultural production went up without its help.,A,False,0.14377986,0.14377986,0.14377986,0.5686604
The largest exporter of agricultural goods in the world is,China.,Mexico.,Chile.,the United States.,D,False,0.50971645,0.27283156,0.08857544,0.1288765
Which of the following statements is NOT part of Gunnar Myrdal's theory of cumulative causation?,Developing and developed regions share similarly in wealth through trade.,The core will always dominate the periphery.,Growth and prosperity of the core exists at the expense of the periphery.,"Regions with initial advantage keep and expand it as they attract labor, capital, and trade.",A,False,0.28517848,0.19600013,0.15264504,0.36617643
Which pair of religions below share a long-held tradition of cremating their dead?,Hindu and Buddhist,Hindu and Muslim,Muslim and Jewish,Christian and Buddhist,A,False,0.2594834,0.33318326,0.22899328,0.17834015
"The official languages of Guyana, Suriname, and French Guiana are English, Dutch, and French, respectively. On what continent are those countries located?",North America,South America,Africa,Asia,B,False,0.3030892,0.26747528,0.3030892,0.12634638
