0,1,2,3,4,5,llama2_7B_ds_alpaca_52000/epoch2_correct,llama2_7B_ds_alpaca_52000/epoch2_choiceA_probs,llama2_7B_ds_alpaca_52000/epoch2_choiceB_probs,llama2_7B_ds_alpaca_52000/epoch2_choiceC_probs,llama2_7B_ds_alpaca_52000/epoch2_choiceD_probs
The main factor preventing subsistence economies from advancing economically is the lack of,a currency.,a well-connected transportation infrastructure.,government activity.,a banking service.,B,False,0.46795583,0.00062087463,0.0011599466,0.5302634
The tendency for a population to continue to grow long after replacement fertility has been achieved is called,zero population growth.,rapid growth rate.,homeostatic plateau.,demographic momentum.,D,True,0.014020755,0.0018975029,0.0011508936,0.98293084
The tendency for migration to decrease with distance is called,push factors.,pull factors.,distance decay.,migration selectivity.,C,True,0.00316186,0.0014935568,0.9934268,0.0019177649
"Which zone contains low-income slums, ethnic ghettos, and general deterioration in Burgess's concentric zone model of urban form?",First,Second,Third,Fourth,A,False,0.20602544,0.0079884725,0.06688666,0.7190994
Which of the following statements is TRUE concerning women in the labor force?,Most women work in agriculture,The percentage of women economically active in the labor force declined worldwide,The percentage of women in the total labor force declined,Women spend more hours per day working than men in all regions except Anglo America and Australia,D,False,0.015439397,0.9552017,0.003903691,0.025455263
All the following factors can be considered pull factors of migration EXCEPT,safety.,better climate.,better schools.,overcrowding.,D,True,0.046133604,0.019231347,0.008016818,0.9266182
Which of the following countries does NOT have a well-known example of a relict boundary?,Vietnam,United Kingdom,Germany,Bolivia,D,False,0.5847582,0.008879084,0.004464684,0.40189806
Which form of migration below are farm workers from another country most likely to be practicing during the year?,Chain migration,Cluster migration,Circular migration,International migration,C,False,0.0006215241,0.000108004686,0.0075717135,0.99169874
Which of the following is a centrifugal force in a country?,Religious differences,A national holiday,An attack by another country,A charismatic national leader,A,False,0.30369818,0.12660024,0.002318764,0.5673829
Early settlements and high population density along coastlines and rivers are best attributed to which of the following?,Mediterranean climate,Limited forest cover,Growth of manufacturing,Access to trade routes,D,False,0.49952957,0.0007510123,0.00018988566,0.49952957
The first stage of the demographic transition exhibits,high birth rates with high but fluctuating death rates.,declining birth rates with continuing high death rates.,low birth rates with continuing high death rates.,high birth rates with declining death rates.,A,True,0.9388926,0.0133925835,0.00097015547,0.046744708
What is the population statistic that tells us the level of fertility at which a population will have just enough births to replace parents and compensate for early deaths?,Crude birth rate,Replacement level,Mortality rate,Total fertility rate,B,False,0.0014092092,0.26854774,5.4640972e-05,0.72998846
What is the most rapidly growing religion in the United States today?,Islam,Christianity,Hinduism,Buddhism,A,False,0.090099074,0.029250886,0.025813818,0.8548362
The outlying area serviced by a urban center is referred to as a,redline area.,threshold.,range.,hinterland.,D,True,0.0038016955,0.004046884,0.0019116127,0.99023986
The best definition of an urban area is,the central city and its developed areas.,the central city and its surrounding suburbs.,the central city and its hinterlands.,the central city and the adjacent counties.,B,True,0.10940591,0.8084064,0.006994086,0.07519351
Which of the following religions developed first?,Buddhism,Christianity,Islam,Hinduism,D,True,0.43265674,0.011529911,0.00027115754,0.55554223
Which one of the following is NOT a characteristic of world cities?,World cities contain the headquarters of many transnational corporations.,World cities are well connected to secondary-level world cities.,World cities contain many offices of multinational organizations.,World cities are found only in the northern and western hemispheres.,D,True,1.8922809e-05,2.7532524e-05,9.609795e-05,0.9998574
Which type of transportation system created the star-shaped city pattern?,Highways to airports that link cities,Interstate highways that link cities,Beltways around cities,Streetcar and trolley lines extending from the CBD,D,False,0.041963063,0.9550749,0.0018437284,0.0011182777
In which urban US setting below would you expect to find planned communities?,Ghettos,Suburbs,CBDs,Transition zones,B,True,0.0013189963,0.99413306,0.0040627946,0.0004852316
The latitude and longitude coordinates of a place are an example of,a formal region.,a functional region.,an absolute location.,a relative location.,C,False,0.04606438,0.007064202,0.38569236,0.56117904
The voluntary association of three or more countries willing to give up some measure of sovereignty is called,nationalism.,devolution.,supranationalism.,complementarity.,C,True,0.0031395804,0.005865508,0.9864268,0.0045680623
The key factor Thomas Malthus failed to recognize in his population theory was,population is limited by their means of subsistence.,all populations have the potential to increase more than the actual rate of increase.,wars and famine inhibit population's reproductive capacity.,technology's ability to raise the Earth's carrying capacity.,D,False,0.9698812,0.003963683,0.008391117,0.017763995
Which pair of religions are both universalizing religions?,Islam and Judaism,Judaism and Buddhism,Hinduism and Buddhism,Christianity and Buddhism,D,False,0.6192057,0.37556726,0.0010548912,0.004172175
Which urban model theorizes that high-rent residential areas grow outward from the center of the city along major highways with lower-rent inhabitants taking over sequentially?,Concentric zone model,Central place model,Urban realms model,Sector model,D,False,0.9704983,0.02930651,0.00015378644,4.1391064e-05
"When a country combines its religion with its government, it is called a",dictatorship.,theocracy.,democracy.,autocracy.,B,True,0.0008040253,0.99912053,4.003006e-05,3.5326404e-05
What is the chief religion practiced in Europe?,Christianity,Islam,Hinduism,Animism,A,True,0.99911577,0.00070954644,0.00012330068,5.1399373e-05
Which group enacted the first effective settlement in the eastern United States?,French,"British (English, Scotch-Irish, Welsh, Scottish)",Russian,Chinese,B,True,0.007573683,0.9919567,0.00042727796,4.230625e-05
"A population pyramid, or age-sex structure, displays all the following information about a country's population EXCEPT",future social spending needs of the population.,"the impact of ""baby booms"" on the population.",the impact of wars on the population.,a quick visual depiction of the country's demographics.,B,False,0.032980613,0.0016420081,0.0015425237,0.9638348
The Rhine River is an example of which type of boundary?,Geometric,Artificial,Natural,Relict,C,True,0.009690837,0.00079547236,0.98849225,0.0010214067
Which type of economic activity is most closely tied to the physical environment?,Primary,Secondary,Tertiary,Quaternary,A,False,0.3473642,0.0016086154,0.002065503,0.6489617
The majority of workers in periphery countries are probably employed in which type of activities?,Primary,Secondary,Tertiary,Quaternary,A,True,0.6274999,0.0018761907,0.26158085,0.10904313
All of the following are non-basic jobs in the city EXCEPT,city firefighter.,social worker.,dry cleaner.,garment factory worker.,D,True,0.003972343,0.001289631,0.40519002,0.589548
Transnational corporations distribute their operations,manufacturing goods where production costs are the highest.,conducting accounting and research services where economical.,based on comparative advantage.,with headquarters located in LDCs.,C,True,0.002178926,0.0007073937,0.99608445,0.0010292517
Which of the following is LEAST associated with the development of alluvial landscapes?,A deep cover of loose materials,A predominance of gentle slopes,Frequent flooding,Deep dissection and erosion,D,False,0.015819365,0.0014714302,0.97870946,0.003999762
Which of the following is LEAST self-sufficient in the natural resources needed for modern industry?,United States,Japan,France,United Kingdom,B,False,0.06626189,0.014785024,0.0042359806,0.9147171
One of the effects of the east–west orientation of the Alpine mountain system and the northern plains of western and central Europe is that it,limits the marine climate of Europe to coastal areas,provides a corridor for communication between southern and northern Europe,enables marine-like climatic conditions to extend eastward into Germany and Poland,effectively prevents population movement between parts of the Mediterranean region,C,True,0.2652199,0.010283691,0.72094244,0.0035539486
The largest Hindu temple complex ever constructed is found in,Calcutta.,Bombay.,Cambodia.,Bali.,C,False,0.00047156078,0.033058964,0.00034500126,0.96612453
Which term describes the forces that unify and strengthen a country?,Diffusion,Centrifugal,Centripetal,Ethnocentric,C,False,0.06642595,0.014821631,0.20460631,0.7141462
Which one of the following statements best describes an application of the S-curve?,Graph of the Bantu migration,Graph of the growth of human populations since their first appearance on Earth,The chart showing how cities associate with one another based on their population sizes,A model showing the decrease in population growth for several countries after they industrialize,D,False,0.42832053,0.54997444,0.002886001,0.01881909
Which of the following items is NOT a challenge to the state?,Transnational corporations,EU,World Trade Organization,Good transportation network,D,False,0.58161074,0.032812234,0.032812234,0.35276476
"National sports teams, flags, national anthems, and national holidays all promote",nationalism.,sectarianism.,political unrest.,functional disputes.,A,True,0.9995869,0.00017948603,4.263167e-05,0.00019106189
"The process whereby immigrants learn the values, language, and customs of their new country is called",assimilation.,acculturation.,adaptation.,amalgamation.,B,True,0.01590406,0.98394936,0.00010716071,3.9422222e-05
"On which of the following can one most accurately depict true geographical distance, true direction, true size, and true shape?",A Mercator projection,A globe,A conic projection,A gnomonic projection,B,False,0.9139003,0.085005976,2.3640865e-05,0.0010700672
Which of the following could be considered a higher-order central place function?,Winn-Dixie grocery store,Mercedes-Benz dealership,Shoe store,Family doctor,B,False,0.16375166,0.0033985572,0.0012502593,0.83159953
Which geographer viewed the US urban community of the 1920s as a set of concentric rings radiating outward from a central core?,Rostow,Ravenstein,Von Thünen,Burgess,D,True,0.00751577,0.0066326438,0.0014799428,0.9843716
"To get to school in the morning, we ALL use this as our guide:",Rand-McNally Road Atlas.,world globe.,road map.,mental map.,D,False,0.14000155,0.018947149,0.8056533,0.035397936
"Of these, the map using the smallest map scale would be the map of",the world.,"Atlanta, Georgia.","Main Street, Small Town, Ohio.",Pennsylvania.,A,False,0.0027827194,0.0019125333,0.99071676,0.0045879288
An earlier boundary formed before meticulous geographic knowledge and mapping was available is known as,an antecedent boundary.,a geometric boundary.,a relict boundary.,a subsequent boundary.,A,True,0.52510077,0.00749016,0.4633998,0.0040091937
Which of the following jobs is in the non-basic employment sector?,Software engineer,F-10 pickup truck assembly-line worker,Oil refinery worker,Parking lot attendant,D,False,0.7591536,0.14948621,0.0006922585,0.09066797
In which of the following regions is subsistence agriculture being replaced by large-scale commercial development?,The Swiss Alps,The Amazon Basin,North Africa,The Alaskan tundra,B,False,0.019113937,0.007967874,0.9209611,0.051957067
A strong movement away from all religions is called,secularism.,heathenism.,sacrilege.,nationalism.,A,True,0.9987255,0.00070926925,0.000230266,0.00033503506
Regions share all of these characteristics EXCEPT,boundaries.,common features.,relative location.,easily defined.,D,False,0.6982695,0.17655018,0.0945005,0.03067982
Which of the following U.S. main immigration flow associations is NOT correct?,"Pioneer settlement to 1870—Germans, British, Scotch-Irish, Africans",1870–1914—Asians,1870–1914—Eastern and southern Europeans,1965–present—Hispanics,B,True,0.35632503,0.58748066,0.0015501371,0.054644216
Which one of the statements below is characteristic of most African cities?,"They have thriving, clean residential areas.",There are jobs for most rural-to-urban migrants.,They have three separate business districts.,They have a well-developed infrastructure.,C,False,0.34112874,0.49633938,0.0013941152,0.1611378
Which country faces a serious trade disadvantage due to its location?,Singapore,Italy,Spain,Mongolia,D,True,0.052690502,0.01175684,0.0015911154,0.9339615
"In which zone of Burgess's concentric zone model would one find better houses, single-family homes, and higher-rent apartments?",First,Second,Third,Fourth,C,False,0.3895747,0.20852432,0.09849991,0.30340108
The theory that every society develops economically according to a five-stage pattern of growth is attributed to,Rostow.,Ravenstein.,von Thünen.,Burgess.,A,True,0.9994097,0.00013975908,2.0134205e-05,0.00043048826
Which of the following would NOT be considered a barrier to diffusion of a cultural trait?,Language,Religion,Oceans,Tolerant complaisant citizens,D,False,0.34555852,0.0052470285,0.6455883,0.0036062268
The process of invasion and succession is a process involving migration and is best described as when,new residents tear down and rebuild housing units.,new residents live peacefully with old residents.,new residents assimilate with old residents completely.,new residents move into areas occupied by older resident groups.,D,True,0.002468629,0.000707274,0.0009081578,0.99591595
Which of the following best illustrates the definition of a functional region?,A map showing Atlanta as a hub for Delta Airlines,An article describing the region referred to as the South,A map showing North Carolina's one hundred counties,An essay explaining the region known as the Bible Belt,A,False,0.29111922,0.6983587,0.008791039,0.0017310582
New stores opening around a large shopping mall reflect which concept?,Gravity concept,Distance decay,Complementarity,Movement bias,D,False,0.06245424,0.020275922,0.8621541,0.055115666
The birth of an urban industrial workforce in Europe contributed to the start of the,First Agricultural Revolution.,Second Agricultural Revolution.,Third Agricultural Revolution.,Fourth Agricultural Revolution.,B,True,0.12704459,0.82843477,0.008121688,0.036398884
Which of the following statements about East Asia's industrial regions is true?,Japan has a rich natural resource base.,China lacks natural resources but has a massive labor force.,China is industrializing rapidly.,Taiwan lacks industrial enterprise and an educated workforce.,C,False,0.46320868,0.117117494,0.40878022,0.010893624
Which of the following statements best describes the United Nations?,The UN operates a worldwide police force.,Member states surrender sovereignty to the UN.,World laws are enforced by the UN.,The UN often practices interventionism in world conflicts.,D,True,0.09116995,0.038005292,0.0058283005,0.8649965
Which of the following is a formal region?,Dixie,Pennsylvania,The market area of Winn-Dixie,The Pacific Northwest,B,False,0.6812389,0.11838157,0.005201323,0.19517821
The concentration of production activities and people spatially to benefit everyone is called,the substitution principle.,deglomeration.,agglomeration.,infrastructure.,C,True,0.067060746,0.006237621,0.925745,0.00095657015
"Which language family contains Italian, Spanish, Portuguese, and Romanian?",European,Slavic,Germanic,Romance,D,True,0.0005526413,0.000108821514,0.0001397296,0.99919885
"Ankara, Turkey and Islamabad, Pakistan are both examples of",desert cities.,forward-thrust capitals.,old colonial capitals.,rival cities.,B,False,0.77272713,0.043594282,0.04939879,0.13427985
Which of the following is NOT an example of syncretism?,Halloween,Foreign cuisine changed to suit American tastes,Hasidic Judaism,Catholicism in Louisiana,C,False,0.020158365,0.97128445,0.00015391101,0.0084032575
The theory that whoever controlled the landmass of Europe would rule the world is called the,devolution theory.,domino theory.,heartland theory.,rimland theory.,C,True,0.09605542,0.0147305755,0.7097589,0.17945515
Which group represents the Persian (Iranian) variation of Islam and believes in the infallibility and divine right to authority of the Imams descended from Ali?,Sunni,Shiite,Imam,Untouchables,B,True,0.0009110338,0.99906987,1.5675203e-05,3.4976104e-06
The multiplier effect is,the addition of non-basic workers to an urban economy that has added more basic workers.,a ratio of urban to rural workers in an economy.,the ratio of city workers to farm workers in an economy.,the addition of rural jobs created by the urban economy.,A,True,0.9402124,0.015197119,0.008134431,0.036455993
The sacred book of the Hindu is called the,Talmud.,Bible.,Torah.,Veda.,D,True,0.00016867429,0.00040462858,0.0600522,0.9393745
Which of the following is a distinct characteristic of an East European city?,A central park,Prominent religious buildings,A large central square surrounded by government and administrative buildings,Luxury apartment buildings,C,True,0.0672486,0.0037939062,0.9283382,0.0006193382
Which of the following countries is actively trying to preserve the purity of their native language from contamination by English or other languages?,Italy,Russia,Japan,Brazil,C,True,0.010956208,0.0027701634,0.98624647,2.7157726e-05
Which of the following is an example of a bulk-gaining industry?,Steel,Bottled orange juice,Paper,Copper,B,False,0.9970266,0.002471382,0.00012304286,0.0003789987
Which of the following is NOT a feature of an export processing zone (EPZ)?,Tariff reductions on exports,Raw materials imported duty-free,Exemption from customs duties,Strict pollution regulations,D,True,1.8923694e-05,1.0782396e-05,6.605018e-05,0.9999043
Which of the following characteristics is NOT true of a state?,Independent territory,Internationally recognized,Boundaries,A national language,D,True,0.16603306,0.0888711,0.0009872686,0.74410856
"You are planning to move from your hometown to Pittsburgh. Along the way, you stop in Columbus, Ohio to visit a relative and fall in love with the city! You decide to stay and make Columbus your new home. This is an example of",intervening opportunity.,distance decay.,involuntary migration.,push-pull factors.,A,False,0.34066132,0.008011586,0.2653073,0.38601986
A large node of office and commercial land use outside the central city with more jobs than residents is a(n),suburb.,primate city.,town.,edge city.,D,True,0.0005526381,0.00017941534,7.479143e-05,0.99919313
Which crop began the Third Agricultural Revolution?,Rice,Wheat,Barley,Millet,A,False,0.042329878,0.18970937,0.01764572,0.75031507
Which factor in the last quarter century greatly destabilized Eastern Europe and led to ethnic conflict?,The introduction of new languages,The end of the Cold War,The invasion by the Soviets,The acceptance of many Eastern European countries into the EU,B,True,0.0016995467,0.99760914,0.00013950729,0.000551762
"If I wanted to ship a small piece of very valuable jewelry to my aunt who lives in Poughkeepsie, which mode of transportation makes the most sense?",Truck,Air,Ship,Railroad,B,False,0.0059085246,0.000215218,0.99366105,0.000215218
Which of the following is a functional region?,Dixie,Pennsylvania,The market area of Winn-Dixie,The Pacific Northwest,C,False,0.5485807,0.008866982,0.37703365,0.065518625
Which type of city model contains a distinct residential spine proceeding outward from center city along the main boulevard?,European,Muslim,Sub-Saharan African,Latin American,D,False,0.96879053,0.020106606,0.008381681,0.0027211332
What family do most European languages belong to?,Ural-Altaic,Basque,Indo-European,Phoenician,C,True,0.0021822075,0.00014850107,0.9975846,8.461337e-05
"What do the terms apartheid, ethnic cleansing, and integration all have in common?",They all occurred in Nazi Germany during World War I.,They are all forms of residential segregation.,They are all ways to integrate different ethnic populations in neighborhoods.,They are different expressions for the same concept.,B,True,0.22114168,0.7718603,0.0017973323,0.005200754
Which one of the statements below correctly describes immigrants living in Europe?,Most find citizenship easy to get in host countries.,Muslims immigrants from North Africa are well integrated in France.,Immigrants to European cities rarely bring their families.,They are usually restricted to certain neighborhoods.,D,True,0.29063925,0.3293374,0.00683518,0.37318817
Which of the following activities are NOT secondary economic activities?,Assembling automotive parts,Sewing shirts,Mining copper,Binding books,C,False,0.007228814,0.041598953,0.004384497,0.9467878
Johnny and Susie are moving to Scotland to renovate and live in the family castle. What makes their move a migration?,They are crossing another country's borders.,They are not taking anything with them.,They are moving permanently.,They will be gone more than one year.,C,False,0.6637238,0.0027124877,0.31352094,0.020042723
Which of the following entities is a state?,Antarctica,American Samoa,Egypt,Marshall Islands,C,False,0.015595673,0.017672211,0.115237296,0.85149485
What is the most abundant fossil fuel?,Phosphate,Oil,Petroleum,Coal,D,False,0.033033203,0.9653717,0.00014370585,0.0014513776
A rejection of or indifference to religion in a country is called,polytheism.,animism.,secularism.,monotheism.,C,True,0.000954739,0.004554805,0.983564,0.010926409
"In a postindustrial economy, which of the following resources is considered most important to increase productivity?",Energy,Labor,Information,Specialization,C,True,0.005347653,0.0003211515,0.7936621,0.2006692
A city that is more than twice as large as the next largest city in a country is called a,global city.,world leader city.,megalopolis.,primate city.,D,False,0.21082973,0.0118942,0.6494013,0.1278747
Every country with a seacoast has an exclusive economic zone (EEZ) under the UN Convention on the Law of the Sea. Which one of the following statements regarding the Law of the Sea and the EEZ is NOT correct?,The EEZ extends up to 200 nautical miles (370 km) from the coastline.,Countries have the right to exploit natural resources in their EEZ.,Countries can exploit resources on the continental shelf extending up to 350 nautical miles (560 km) beyond their EEZ.,A country does not have the right to exploit living resources in its EEZ.,D,True,0.0031688674,0.00029475056,0.0009078957,0.9956285
Which of the following is MOST likely to experience population pressure?,An industrial society with abundant natural resources and large imports of food,A society with a highly mechanized agricultural sector,A non-ecumene,A slash-and-burn agricultural society,D,True,0.0021766897,0.0002945829,0.0024665126,0.9950622
"Part of the boundary between the United States and Mexico is the Rio Grande, an example of",a water divider.,a watercourse.,an artificial boundary.,a natural boundary.,D,True,0.104482844,0.36468095,0.00022855528,0.53060764
"When we talk about diffusion of a cultural trait, what do we mean by ""hearth""?",Destination,Origin point,All locations along the diffusion path,Axis point,B,False,0.040011615,0.016679322,0.8036548,0.13965426
The distance north and south of the equator is the,global grid system.,Prime Meridian,latitude.,longitude.,C,True,0.03058192,0.057134546,0.8937347,0.01854887
Why are perceptual or vernacular regions so difficult to identify?,Boundaries are constantly being redrawn.,"Physical features, such as rivers, are constantly shifting.",Defining criteria are subjective and differ among researchers.,Antecedent boundaries were drawn before humans were located in the regions.,C,False,0.733109,0.02842572,0.18535899,0.05310624
Which structure(s) traditionally occupies the center of a historic Asian city?,A central market,High-density housing,A religious building,Government office buildings,C,False,0.7044831,0.0012775757,0.06552714,0.22871217
Which description best describes the urban hierarchy model in which the population of a city is inversely proportional to its rank in the hierarchy?,Multiplier effect,Rank-size rule,Central place theory,Burgess's sector model,B,True,0.0013248959,0.9985796,9.016029e-05,5.4145466e-06
Which of the following is a major concern in countries with a large and rapidly aging population?,Immunization,Adequate schools,Daycare facilities,Health care,D,True,0.00029591887,0.00012335734,5.7695e-06,0.99957496
Which of the following capital cities is located OUTSIDE the central core area of the country?,"Abuja, Nigeria","Paris, France","London, United Kingdom","Cairo, Egypt",A,True,0.6413014,0.0062870975,0.009147673,0.34326392
"Spanish colonial architecture, uneven economic development, and rural-to-urban migration flows are most commonly found in which of the following?",Southeast Asia,Sub-Saharan Africa,North America,Latin America,D,True,0.00013109425,0.00026071206,0.001700056,0.9979081
The purpose for the creation of NATO was to,defend North America and Western Europe against the threat of communism.,form an economic alliance for trade between Europe and North America.,defend Europe against a second Nazi invasion.,defend northern Europe against Chinese missiles.,A,True,0.98799825,0.0027750838,0.0075434595,0.0016831735
Which of the following is NOT a key milestone reached by the EU?,The introduction of a common currency used by many EU countries,A customs union,A single market,A common European language,D,True,0.0046091783,5.8020993e-05,2.7407177e-05,0.9953054
The use and spread of English in nineteenth-century India is an example of what type of diffusion?,Stimulus,Contagious,Hierarchal,Relocation,C,False,0.032771617,0.9577271,0.0030482356,0.006453114
The theory that most migration occurs over a short distance and in steps is attributed to,Rostow.,Ravenstein.,von Thünen.,Burgess.,B,True,0.016629703,0.90795106,0.05122309,0.024196075
"The way of life based on breeding and herding of animals that are used as a source of food, shelter, and clothing is called",swidden.,subsistence farming.,pastorialism.,hunting and gathering.,C,True,0.003998783,0.13242152,0.8634967,8.29921e-05
The European Union (EU) replaced which of the following organizations?,NATO,EEC,UN,ASEAN,B,True,0.0007096129,0.9992094,2.2810469e-05,5.8248577e-05
"The attempt by core countries to stimulate increased agricultural production in the periphery through use of technology, hybrid seed, and fertilizers is called the",First Agricultural Revolution.,Second Agricultural Revolution.,Third Agricultural Revolution.,Green Revolution.,D,True,0.00017946183,0.0003352788,3.31971e-05,0.99945205
Shifting cultivation is most often practiced in,alpine tundra.,tropical forests.,flood plains.,deserts.,B,True,0.017737273,0.96842223,0.0030822759,0.010758199
The migration streams into the United States between 1980 and the present have been primarily composed of emigrants from which of the following regions?,Europe and North Africa,Asia and Latin America,Sub-Saharan Africa and Oceania,Central Europe and Australia,B,True,0.3764947,0.6207348,0.0005317424,0.0022387193
Which one of the following North American associations is NOT correct?,Southeast—African Americans,Oklahoma and the Southwest—Native Americans,Quebec and northern Maine—French Americans and French Canadians,Southern prairie provinces—African Americans,D,True,0.0040671662,0.00024425233,0.00048575376,0.9952028
Which of the following countries is NOT a federal state?,Canada,United States,France,People's Republic of China,C,False,0.000245475,0.000102329206,0.06006575,0.93958646
Which of the following world regions is NOT considered one of the world's most densely populated regions?,South Asia,Europe,South America,Northeast United States,C,False,7.889205e-06,6.8935105e-07,6.540381e-06,0.99998486
"Olives, grapes, and chickpeas are staple crops of which type of farming?",Pastoral nomadism,Subsistence,Plantation,Mediterranean,D,True,2.4287732e-05,0.0003352818,0.00017946343,0.999461
A person who practices the Hindu religion would be most likely to,visit a shrine built on the shore of a lake.,pray five times a day.,bathe in the Ganges River.,make a pilgrimage to Jerusalem.,C,False,0.99275535,0.0021716435,0.0014925472,0.003580435
"The language with the largest number of ""speakers"" is",English.,Russian.,Spanish.,Mandarin Chinese.,D,True,0.0035688842,0.005192696,0.0016858216,0.9895527
Which one of the following statements does NOT correctly describe the Green Revolution?,It changed centuries-old methods of farming.,It was an attempt to feed a growing world population.,"It centered on increased rice, wheat, and maize yields.",It greatly improved crop yields in sub-Saharan Africa.,D,True,5.826019e-05,4.5373083e-05,0.0004878066,0.9994086
"Historically, the world's major languages have spread by all of the following methods EXCEPT",Sanskrit records.,migration.,trade.,conquest.,A,True,0.9893143,0.0027787802,0.0003532823,0.007553508
A primate city is,a large city located on the periphery of the country.,the most important city in a country.,when the largest city in a country is more than twice the size of the next largest city.,the largest city in a country.,C,False,0.030791381,0.0041671605,0.06518536,0.8998561
"Which of the following factors would be considered a ""pull"" factor for Riva when considering a move from India to the United States?",Abject poverty,Better job and higher wages,India's caste system,Violence in her neighborhood,B,True,0.009699879,0.9894146,8.9332796e-05,0.00079621456
All of the following are reasons major cities attract young people in Latin America EXCEPT,the availability of jobs.,the potential for decent housing.,educational opportunities.,their families live there already.,D,False,0.042824395,0.006169439,0.7590806,0.19192563
"Which language family is most widely spoken in North America and Europe and includes Baltic, Celtic, Germanic, and Greek?",Dravidian,Uralic-Altaic,Sino-Tibetan,Indo-European,D,True,0.00037984047,0.00023038486,0.00014874765,0.999241
Which theorist(s) tried to explain the prices of farm products as they relate to patterns of land use?,Rostow,Ravenstein,Von Thünen,Burgess,C,True,0.005900183,0.0007501241,0.99225825,0.0010914241
Which of the following is NOT a spread effect in the core-periphery model of development?,Congestion in the core,High cost of labor in the core,High density in the core,More infrastructure in the core,D,False,0.51359016,0.022565577,0.18893926,0.27490503
Which of the following is NOT an important environmental factor influencing a country's agriculture?,Number of frost-free days per year,Availability of sufficient rainfall,Reliability of sufficient rainfall,Amount of fertilizer produced in the country,D,True,0.00010889291,2.2825194e-05,1.3844181e-05,0.99985445
Which of the following countries is situated in the region of tectonic activity known as the Pacific Ring of Fire?,Brazil,Australia,Chile,India,C,False,0.09521151,0.9033417,0.0010577043,0.0003891077
"Which one of the following statements is NOT true of the ""core"" countries?",They are technologically advanced.,They are wealthy.,They are powerful.,They are less developed.,D,True,5.144021e-05,1.1477861e-05,2.7533957e-05,0.9999095
"If you wanted to find the global distribution of coal, you would use a",reference map.,topographic map.,thematic map.,location map.,C,True,0.039844424,0.0032706293,0.62327164,0.33361328
Which one of the following is NOT a centripetal force in a state?,A high level of confidence in central government,The existence of strong separatist groups,The existence of national transportation networks,The national anthem,B,False,0.006067344,0.292341,0.00030207526,0.7012896
The cities of Varanasi (Benares) in India and Mecca in Saudi Arabia are alike because both are,capitals of countries formerly colonized by the English,destinations for vast numbers of pilgrims,financial centers for a large fraction of the world's economy,examples of modern urban planning,B,True,0.006691277,0.9930736,0.00020205906,3.2985237e-05
China and Vietnam's dispute over the Spratley Islands is,a positional dispute.,a territorial dispute.,a resource dispute.,a functional dispute.,C,False,0.1191793,0.88062257,9.590752e-05,0.00010209302
Which of the following is NOT used by geographers to determine absolute location?,Longitude,Latitude,Equator,Distance to the nearest city,D,True,4.5390625e-05,7.4836484e-05,8.480085e-05,0.999795
Which of the following is a characteristic of a developed country?,Over 50% of workforce engaged in agriculture,Women held in inferior place in society,Main disease related to age and lifestyle,High birth and death rates,C,False,0.8986026,0.0025239896,0.0041613556,0.09471201
"Mary lives in a neighborhood with stores, offices, and restaurants so close that she does not need to own a car; however, she feels she has very little privacy. This is an example of a(n)",win-win.,trade-off.,infill.,leapfrog development.,B,True,0.021756208,0.92509747,0.052190427,0.000955901
Which of the following items below is an absolute location?,10 miles east of Pittsburgh,Washington,3 degrees south,"479 Elm Street, Muncie, Indiana",D,True,0.29302186,0.083952166,0.002698638,0.6203273
Which one of the following groups is excluded from the caste system of Hinduism?,Scholar-priests,Warrior-landowners,Businessmen and farmers,Untouchables,D,True,2.5866148e-05,4.2225324e-06,4.5396504e-05,0.99992454
Which of the following is a push factor?,Dissatisfaction with current jobs,Higher-paying jobs elsewhere,An attractive retirement community elsewhere,A pleasant climate,A,True,0.52452064,0.46288782,0.00025601604,0.0123355435
"The Basques, Bretons, Kashmiris, and Tamils are all examples of",regionalist groups.,separatist groups.,terrorist groups.,interventionist groups.,B,False,0.9145402,0.08506549,0.00010602518,0.00028820633
Which of the following factors does NOT play a role in gender relationships in a culture or society?,Biology,Advancements in technological development,Religion,Custom,A,True,0.38253227,0.18069544,0.23201755,0.20475478
The intensive agricultural practice of planting and harvesting the same crop more than once a year is called,swidden.,double cropping.,pastorialism.,intertillage.,B,True,0.10210995,0.8549561,0.00036826596,0.042565756
"When a new fashion design is introduced globally, the information initially travels through a process known as",contagious diffusion,relocation diffusion,innovative diffusion,hierarchical diffusion,D,False,0.96839106,0.025806747,0.0030821767,0.0027200112
Opponents of genetically modified organisms (GMOs) in food are afraid that the GMOs,will hinder global trade.,make plants more resistant to disease.,may cause irreversible changes in humans.,make plants more resistant to drought.,C,False,0.020185234,0.97257906,0.0027317745,0.0045039346
Which one of the following is NOT an advantage of urban agriculture?,Helping to solve the problem of solid waste disposal,Fresh produce for sale to others,Beautification of a dingy urban area,Renewed or purified water supplies,D,False,0.07039336,0.042695727,0.85756665,0.029344317
Which of the following is NOT a problem Europe currently faces today?,Rising immigration,Lack of population growth,Environmental apathy,Urban ethnic ghettos on the rise,C,False,0.023895126,0.014493126,0.06495369,0.896658
The world systems theory divides the world into,"core, periphery, and semi-periphery.",rich and poor.,developed and undeveloped.,haves and have-nots.,A,True,0.9998814,6.204698e-05,1.3844554e-05,4.2644228e-05
The majority of Kurds are found in which country?,Iran,Iraq,Turkey,Egypt,C,False,0.147886,0.8510251,0.0009360762,0.00015281024
In what country are the most Basque speakers found?,Denmark,Finland,Luxembourg,Spain,D,True,0.0001397853,0.00012336008,0.0001397853,0.99959713
The most rapidly urbanizing area of the world is:,Europe,East Asia,Sub-Saharan Africa,South Asia,C,False,0.033504568,0.40816918,0.15015705,0.40816918
The influence of neo-Malthusianism can be seen in,government programs for birth control and planning.,famine relief.,increased spending in social welfare programs.,increased total fertility rates.,A,True,0.99859613,0.0013249178,1.2989037e-05,6.596377e-05
The process of devolution involves,the change of government from a democracy to a communist dictatorship.,the movement of power from the central government to regional governments in the country.,the movement of power from a monarchy to a military dictatorship.,the movement of power from regional governments to central governments.,B,True,0.00091090176,0.99892503,4.8276022e-05,0.00011580816
The theory that cities grow outward from a core utilizing several nodes of growth was proposed by,Rostow.,Ravenstein.,von Thünen.,Harris and Ullmann.,D,False,0.018168632,0.014149745,0.8754137,0.09226792
The theory that the main purpose of a settlement or market town is to furnish goods and services to the surrounding market area is called the,urban hierarchy theory.,central place theory.,concentric zone model.,multiplier effect.,B,True,0.004066826,0.99511945,0.00080080546,1.2943815e-05
Which one of the following statements does NOT correctly describe transnational companies (TNCs)?,"Many TNCs operate in areas of electronics, chemicals, pharmaceuticals and petroleum.",Most TNCs produce and sell manufactured goods.,"Most TNCs are headquartered in the United States, Japan, and the European Union.",TNCs are generally controlled by foreign governments.,D,True,2.9309105e-05,3.7633636e-05,4.5394834e-05,0.9998877
"The ""melting pot"" theory of combining several immigrant groups into one mainstream culture is called",amalgamation theory.,acculturation.,ethnic islands.,ethnic clustering.,A,False,0.05572591,0.8716999,0.0010206556,0.07155349
Which theory below was used as justification for US involvement in Vietnam in the 1960s and 1970s?,Devolution,Colonialism,Heartland theory,Containment theory,D,True,0.0019186611,0.0010269852,0.0031633372,0.993891
Urban agriculture can benefit urban society in all of the following ways EXCEPT,create sustainable food systems in urban areas.,provide jobs for women and children.,turn urban waste into a resource when utilized in safe manner.,replace agribusiness as the main focus of global food production.,D,True,0.05956708,0.004053591,0.00459332,0.93178594
Which one of the following organizations is NOT a supranational organization?,UN,NATO,ASEAN,PLO,D,True,0.0010321509,3.759609e-05,4.0020834e-05,0.9988902
Which one of the following demographic factors characterizes stages 4 and 5 in the demographic transition model?,Zero population growth,High mortality rates,High birth rates,High sex ratios,A,False,0.028858574,0.0034466651,0.9556647,0.012030044
Which of the following statements does NOT describe a factor that contributed to suburbanization in the United States?,A shorter workweek made time for a commute possible.,Changes in the housing mortgage regulations made home ownership easier.,Fixed-route public transit routes increased in importance.,Improved automobiles made transportation easier and less limited.,C,True,0.009631281,0.00045046103,0.9824174,0.0075008497
An isobar map shows lines connecting all points of equal,atmospheric pressure,surface temperature,elevation,precipitation,A,False,0.32069868,0.67891914,5.081834e-05,0.0003313772
Ralph purchases garden fertilizer at the nearby garden shop rather than drive 50 miles to the neighboring town for the same product. This reflects which type of spatial interaction?,Transferability,Complementarity,Intervening opportunity,Territoriality,C,False,0.07502716,0.9140179,0.003976294,0.006978613
What type of countries generally possesses a greater variety of climates and resources than other countries?,Perforated states,Fragmented states,Elongated states,Prorupt states,C,False,0.6161862,0.08339173,0.009356293,0.29106575
Which of the following factors has little or no impact on mortality rates in the developing countries?,New medicines,Improved birth control methods,Pesticides,Famine relief,B,False,0.120654434,0.37164184,0.030506218,0.47719756
"The idea that you identify with, and give allegiance, to a nation-state is",regionalism.,diffusion.,iconography.,nationalism.,D,True,7.481065e-05,0.00029588182,0.00017946142,0.9994498
What condition occurs when the people of one state want to annex a territory whose population is ethnically related to that state's population but now under the rule of another state?,Nationalism,Resource dispute,Irredentism,Positional dispute,C,True,0.0046061464,0.0005856058,0.99465066,0.00015761366
"Variations in vocabulary, pronunciation, and rhythm in a spoken language are called",syntax.,isoglosses.,lingua francas.,dialects.,D,False,0.000626256,0.9992489,4.0035204e-05,8.475453e-05
Boundary problems along the United States–Mexico border are caused by which type of issue below?,Ownership of fertile ground,Land use,Irredentism,Immigration,D,False,0.38305116,0.38305116,0.0015654425,0.23233227
In which country does language pose a centrifugal force?,Canada,United States,Brazil,Norway,A,True,0.43998823,0.0525491,0.06747438,0.43998823
Quebec is a strong example of which of the following situations?,Irredentism,Secession,Ethnonationalism,A colony,C,True,0.017913625,0.0035274017,0.9780507,0.0005081704
Which of the following items below is NOT considered a barrier to the diffusion of an innovation?,Internet,Distance,Cultural obstacles,Government interference,A,False,0.012225731,0.0057750265,0.9712101,0.01078917
Change in any culture is introduced through all the following processes EXCEPT,innovation.,diffusion.,acculturation.,gravity.,D,False,0.6194832,0.057620913,0.22789513,0.095000826
Which of the following statements regarding historical North American migration streams is NOT correct?,Canada's first major migration came from France.,Canada's second major migration stream originated in the British Isles.,Canada's third major migration stream came from Latin America.,The first major migration wave to the United States originated in Europe.,C,False,0.67142606,0.0013797522,0.080190405,0.24700385
A chief factor that contributed to the Second Agricultural Revolution was,the Industrial Revolution.,World War I.,World War II.,the discovery of the plow.,A,False,0.0005523965,0.00026093368,0.00043020688,0.9987564
Zero population growth (ZPG) is achieved when,CBR – CDR 5 2.,Births 1 immigration 5 deaths 1 emigration.,Total fertility 5 3.,Replacement fertility is achieved.,B,False,0.012747562,0.022372669,0.013569708,0.95131004
In which of the following Asian countries would one find special economic zones (SEZs)?,Japan,South Korea,China,Vietnam,C,False,0.64358526,0.3444864,0.008101543,0.003826898
Which of the following industries does NOT need to be close to its markets?,Dairy foods,Bulk-gaining products,Single-market products,Bulk-reducing products,D,True,0.027744783,0.013105707,0.040368423,0.91878104
Which of the following is NOT a characteristic of a city in the developing world?,Contains modern centers of commerce,Has a well-developed infrastructure,Experiences large in-migrations of rural people into the city,Produces a large share of its country's GDI,B,False,0.58584666,0.010730156,0.35533395,0.04808922
A map that presents a single class of statistics is called a,general purpose map.,thematic map.,reference map.,mental map.,B,True,0.017981943,0.98178077,0.00017628877,6.092376e-05
The construction of freeways leads to all but which of the following results?,Urban sprawl,Traffic increase,Traffic congestion,Decreased dependency on cars,D,False,0.26671588,0.07641539,0.6398182,0.017050577
Which continent has the highest total fertility rates?,Africa,Asia,South America,Europe,A,True,0.9966041,0.00013936675,8.4530206e-05,0.0031719725
What monotheistic religion is based on the life and teachings of Jesus Christ of Nazareth?,Islam,Christianity,Hinduism,Buddhism,B,True,0.0010320866,0.998828,0.00012326517,1.6682126e-05
Which of the following statements is true concerning folklore?,It is the written tradition of a group.,It encourages changing the old values and customs.,It serves to blend all cultures into one.,It expresses in words the shared values of a group by expressing their ideals.,D,True,0.0059073023,0.00025954875,0.0003776412,0.99345547
The irregularity of the wet monsoon in South Asia in recent years may have a significant negative effect on which of the following?,Food production,Population patterns,Wildlife conservation efforts,Tourism,A,True,0.7894288,0.006829897,0.19959885,0.004142542
"According to Alfred Weber's least-cost theory, which one of the following costs of production is the most important factor in locating an industry?",Labor,Transport,Raw materials,Agglomeration costs,B,False,0.008577296,1.2114147e-05,1.0042981e-05,0.99140054
The climate of Great Britain is milder than most other places along the same latitude for which of the following reasons?,"The Gulf Stream brings warm waters to Great Britain, raising the temperature of winds that blow onto the island.",Hot springs throughout the country raise the temperature of the surrounding land and air.,Mountain ranges in the north of Great Britain act as a barrier to cold winds blowing from the Arctic.,Small landmasses generate their own local climate and are largely unaffected by latitude.,A,True,0.9975079,0.00055170606,0.0009096095,0.0010307225
Which of the following supranational organizations is not an economic union?,EU,CARICOM,NAFTA,NATO,D,False,0.00045191692,0.00014671595,0.81708497,0.1823163
The global lingua franca is,Chinese.,English.,French.,Arabic.,B,True,0.02577403,0.9671633,0.0019874796,0.0050752074
What are the two major branches of Islam?,Sunni and Shinto,Shinto and Shiite,Sunni and Shiite,Shamanism and Shiite,C,True,0.0064434595,0.03707955,0.9562942,0.00018278688
What was the primary reason the Green Revolution did NOT help Africa much?,It targeted crops Africans don't grow and eat.,It required sophisticated machinery.,Population growth has fallen so drastically that Africans don't need the increased food production.,African agricultural production went up without its help.,A,True,0.93219763,0.0071174167,0.0010914912,0.059593398
The largest exporter of agricultural goods in the world is,China.,Mexico.,Chile.,the United States.,D,True,0.022600764,0.0057143685,0.010675845,0.96100897
Which of the following statements is NOT part of Gunnar Myrdal's theory of cumulative causation?,Developing and developed regions share similarly in wealth through trade.,The core will always dominate the periphery.,Growth and prosperity of the core exists at the expense of the periphery.,"Regions with initial advantage keep and expand it as they attract labor, capital, and trade.",A,False,0.00070901384,0.9983658,0.00021623701,0.00070901384
Which pair of religions below share a long-held tradition of cremating their dead?,Hindu and Buddhist,Hindu and Muslim,Muslim and Jewish,Christian and Buddhist,A,True,0.9998281,5.1436018e-05,1.1476926e-05,0.000108890046
"The official languages of Guyana, Suriname, and French Guiana are English, Dutch, and French, respectively. On what continent are those countries located?",North America,South America,Africa,Asia,B,True,0.13236156,0.8631058,0.0012190079,0.0033136066
