0,1,2,3,4,5,llama_7B_ga_sharegpt_xc_20000/ckp10000_correct,llama_7B_ga_sharegpt_xc_20000/ckp10000_choiceA_probs,llama_7B_ga_sharegpt_xc_20000/ckp10000_choiceB_probs,llama_7B_ga_sharegpt_xc_20000/ckp10000_choiceC_probs,llama_7B_ga_sharegpt_xc_20000/ckp10000_choiceD_probs
What size of cannula would you use in a patient who needed a rapid blood transfusion (as of 2020 medical knowledge)?,18 gauge.,20 gauge.,22 gauge.,24 gauge.,A,True,0.4399883,0.4399883,0.05254911,0.067474395
The key attribute in successful marathon running is:,strength.,power.,stride length.,stamina.,D,True,0.13187061,0.102700934,0.006565451,0.758863
Which of the following is the commonest cause of dementia in the UK?,Alzheimer's disease.,Cerebrovascular (stroke) disease.,Lewy body dementia.,HIV infection.,A,True,0.9306567,0.052504055,0.00179659,0.015042664
Which of the following is NOT a symptom of anaphylaxis?,Stridor.,Bradycardia.,Severe wheeze.,Rash.,B,False,0.37416664,0.121474124,0.023919674,0.48043948
In what situation are closed pouches applied?,The patient has a semi-formed or liquid output.,The patient has a colostomy.,In the immediate post-operative period.,The patient has a urostomy.,B,False,0.57156533,0.39283073,0.013441929,0.022161992
With an increasing number of sprints the:,anaerobic contribution progressively increases.,pH of the muscle falls below 6.0.,blood glucose concentration falls below 3 mmol/L.,relative contribution of aerobic metabolism increases.,D,False,0.17596647,0.42212164,0.17596647,0.22594544
Which of the following is true in diplopia?,Diplopia can never occur if one eye is covered,The outer image is always the false image,A fourth nerve palsy occurs when the patient looks upwards,A sixth nerve palsy causes a divergent squint,B,False,0.70932955,0.17934659,0.04534592,0.06597793
Sodium bicarbonate ingestion improves middle distance running performance by:,elevating the pH and buffering capacity of the extracellular fluid allowing a faster efflux of hydrogen ions from muscle.,reducing the pH and buffering capacity of the extracellular fluid allowing a faster efflux of hydrogen ions from muscle.,elevating the pH and buffering capacity of the extracellular fluid allowing a faster influx of hydrogen ions into muscle.,elevating the pre-exercise muscle pH.,A,True,0.9455958,0.053346865,0.000977082,8.020377e-05
Codons are composed of:,triplet sequences of nucleotide bases in mRNA or DNA .,quadruplet sequences of nucleotide bases in mRNA or DNA.,triplet sequences of amino acids in polypeptide chains.,triplet sequences of deoxyribose sugars in DNA.,A,True,0.9145578,0.010159819,0.07507148,0.00021086032
Fatty acids are transported into the mitochondria bound to:,thiokinase.,coenzyme A (CoA).,acetyl-CoA.,carnitine.,D,False,0.041908406,0.9538309,0.003898089,0.00036257875
Which of the answers below best indicates the compatible blood types that can be given to a person with a blood group B (rhesus negative)?,"Blood type AB (rhesus negative), blood type B, and blood type O (rhesus negative).",Blood type B (rhesus positive) and blood type O (rhesus positive).,Blood type B (rhesus negative) and blood type O (rhesus negative).,Blood type B (rhesus negative) only.,C,False,0.64957213,0.07758033,0.14493914,0.12790833
Which of the following is true of a lower motor neurone lesion in the arm?,It leads to increased tone in the arm (hypertonia),Fasciculations are never seen,The reflexes are brisk,An ulna nerve palsy is an example of a lower motor neurone lesion,D,True,0.11671535,0.08021721,0.27998558,0.5230819
Which of the following statements is false?,Ammonia is produced in repeated high intensity exercise.,Muscle lactate accumulation does not begin until at least 5 seconds of intermittent muscle contractions have taken place.,Muscle phosphocreatine depletion begins in the first few seconds of high intensity exercise.,With an increasing number of repeated sprints the rate of accumulation of lactate in muscle declines.,B,True,0.10706739,0.47984275,0.039387893,0.3737019
Glycogen breakdown in muscle initially results in the formation of:,glucose.,glucose-1-phosphate.,glucose-6-phosphate.,"glucose-1,6-diphosphate.",B,True,0.08426453,0.9059291,0.0037023253,0.0061041024
The two principal contractile proteins found in skeletal muscle are:,actin and troponin.,actin and myosin.,troponin and tropomyosin.,myosin and tropomyosin.,B,False,0.99286884,0.0066898977,0.00033307038,0.000108132124
Which one of the following represents a IIIrd cranial nerve palsy and is a neurosurgical emergency?,Unilateral constricted pupil.,Bilateral constricted pupils.,Unilateral fixed dilated pupil.,Oval shaped pupils.,C,False,0.51530004,0.3541602,0.10146859,0.029071238
Which of the following is true about a thyroid swelling?,It always elevates on swallowing,Lymph node enlargement is a good prognostic sign,An ultrasound of the swelling is the best test to determine whether the nodule is actively secreting hormone,A functioning nodule on isotope scanning is unlikely to be due to cancer,D,False,0.50261354,0.34544092,0.09897047,0.052975077
Which of the following is true of hepatomegaly?,Emphysema is a cause,The liver enlarges downwards from the left hypochondrium,"The presence of jaundice, spider naevi and purpura suggest alcohol as a cause",The liver is usually resonant to percussion,C,False,0.0200687,0.9669641,0.0034874172,0.009479783
Which of the following is true regarding reflexes?,A positive babinski reflex is the same as a normal flexor response in the assessment of the plantar reflex,An extensor plantar response indicates a lower motor neurone lesion,The root value of the ankle reflex is S1,"The root value of the knee reflex is L1, L2",C,False,0.4343997,0.09692767,0.20519587,0.26347673
Which of the following is true of facial nerve palsy?,Bells palsy is another term for an upper motor neurone lesion,Ramsay Hunt Syndrome is an upper motor neurone lesion secondary to a Herpes Zoster infection,An inability to close the eyelid on the paralysed side indicates a lower motor neurone lesion,In Bell's Palsy the sense of taste is never affected,C,False,0.07736656,0.23830578,0.036545373,0.64778227
What is a colles fracture?,Hand fracture.,Elbow fracture.,Finger fracture.,Fracture of the radius and ulna at the wrist.,D,False,0.05611761,0.8778271,0.0024656355,0.06358959
"If a transfusion reaction is suspected, you should:","turn off the transfusion, inform medical staff immediately, and follow transfusion policy advice on dealing with acute transfusion reactions.",leave the transfusion running and contact the medical staff immediately.,disconnect and dispose of the blood bag immediately.,leave the transfusion running and record a set of observations on the patient.,A,True,0.99627185,0.00090848235,0.0014978341,0.0013218339
"Once a prescribed unit of blood product has been obtained from the blood bank and is out of refrigeration, the transfusion should commence within what period of time before it starts to deteriorate (as of 2020 medical knowledge)?",30 minutes.,90 minutes.,4 hours.,12 hours.,A,True,0.6622229,0.18973005,0.13039942,0.017647643
Which of the following statements is true about informal carers (as of 2020)?,50% of over 65s are providing informal care.,One in six over 65s is providing some form of informal care.,Informal carers should not be included in discharge planning.,The majority of informal carers are fit and active.,B,True,0.39913452,0.45227867,0.04766982,0.10091702
Which of the following processes is not used to modify protein structure after translation has occurred?,Lipidation.,Attachment of more amino acids via peptide bonds.,Glycosylation.,Phosphorylation.,B,False,0.041102838,0.06776712,0.16256487,0.7285652
Why would you need to carry out a bladder washout for a patient at home?,When their urine is clear.,When the catheter is blocked.,When the catheter is bypassing.,When the catheter is dirty.,B,True,0.1859802,0.73556596,0.025169682,0.05328422
A 14-16 gauge needle is most likely to be used for:,children.,elderly patients.,inserting in the back of the hand.,trauma or burns patients.,D,False,0.05938269,0.92890155,0.0026090932,0.00910663
Which of these features suggest that a crackling sound is more likely due to a pleural friction rub than crackles?,More prominent in expiration,Alters with coughing,No pain over the area,Clubbing,A,True,0.8078685,0.14038649,0.0061681517,0.045576822
In games like soccer the blood lactate concentration:,rarely increases above 3 mM.,is usually lower at the end of the game than at the end of the first half.,is usually higher at the end of the game than at the end of the first half.,increases throughout the course of the game as the players become more fatigued.,B,False,0.2838788,0.08133264,0.10443317,0.5303554
Lactate and hydrogen ions leave the muscle:,via a cotransport mechanism with carnosine.,via an active transport mechanism.,via a protein transporter molecule.,by simple diffusion.,C,False,0.101991855,0.8539673,0.006520121,0.037520707
Which of the following is true of the spine?,Back pain is an uncommon complaint,Schober's test is designed to quantify the flexion of the lumbar spine,Ankylosing spondylitis is a cause of hypermobility of the spine,Pregnancy is a cause of loss of lordosis of the lumbar spine,B,False,0.15073937,0.24852721,0.2816182,0.31911525
Which of the following is true of psoriatic arthropathy?,The absence of plaques of psoriasis excludes the diagnosis,The diagnosis can be confirmed by a blood marker,Tophi can sometimes be seen over affected joints,Nail pitting may give a clue to the diagnosis,D,False,0.39267126,0.26987875,0.09928284,0.23816717
Which of the following is true of Graves Disease of the thyroid?,It is a cause of ophthalmoplegia,It causes a large multi-nodular goitre,It is commoner in males than females,"In the past, Grave's disease sometimes caused 'Derbyshire Neck'",A,True,0.5107357,0.35102317,0.069120556,0.069120556
Which of the following is true of calcium metabolism?,Calcitonin causes a rise in plasma calcium,Primary hyperparathyroidism is usually asymptomatic,Vitamin D is secreted by the parathyroid glands,Oliguria is a symptom of hypercalcaemia,B,False,0.7635082,0.043074183,0.02305595,0.17036171
Kinase reactions:,inhibit ATP breakdown.,involve the addition or removal of a phosphate group.,involve the addition or removal of a ketone group.,involve the addition or removal of an amino acid to a polypeptide chain.,B,True,0.27120724,0.57414573,0.041590977,0.113056
The normal respiratory rate for an adult male is:,10-12 breaths per minute.,8-10 breaths per minute.,20-22 breaths per minute.,14-16 breaths per minute.,D,False,0.9982925,0.0011688803,0.00048726183,5.135702e-05
Collagen fibres:,are re-established in the first five days of wound healing.,provide a bridge across the surface of a wound.,take some time to re-establish.,are not needed if a wound is healing by primary intention.,C,False,0.7352302,0.18589531,0.010487495,0.06838707
Which of the following releases most energy when completely oxidised in the body?,One gram of glucose,One gram of palmitic acid,One gram of leucine,One gram of alcohol,B,False,0.646349,0.23777851,0.028398594,0.087473825
Embedded in the inner membrane of the mitochondrion are:,the enzymes of the tricarboxylic acid cycle (Krebs' cycle).,the components of the electron transport chain.,glycogen molecules.,triacylglycerol molecules.,B,True,0.052618846,0.9326914,0.005545986,0.009143785
"If the mean rate of oxygen consumption of a male athlete during a training session is 2 l/min, then his rate of energy expenditure is approximately:",400 kJ/min.,200 kJ/min.,80 kJ/min.,40 kJ/min.,D,False,0.36078176,0.52493435,0.09121991,0.023064006
A normal heart rate for an adult at rest is:,60-80 bpm.,60-100 bpm.,60-90 bpm.,60-110 bpm.,B,False,0.9945245,0.0052187857,0.00020235428,5.4462915e-05
Which of the following statements is false?,Phosphofructokinase is the rate limiting enzyme in glycolysis.,Phosphorylase activity is higher in Type II fibres than in Type I fibres.,Endurance training increases the amount of TCA cycle enzymes in muscle.,Oxygen is consumed in the TCA cycle.,D,True,0.10028046,0.3500132,0.10028046,0.44942585
Which of the following is true in ulna nerve palsy?,The ulna nerve can be affected by a fracture of the spiral groove of the humerus,It gives rise to a positive phalen's sign,It leads to loss of sensation over the medial half of the hand and medial one and a half digits on both palmar and dorsal aspects of the hand,It supplies the biceps muscles,C,True,0.01992642,0.004446185,0.9601087,0.015518712
How much toothpaste is recommended for cleaning teeth?,A smear.,A pea-sized amount.,The length of the toothbrush.,Half an inch.,B,True,0.090983935,0.86323154,0.03347112,0.012313336
Which of the following is true about Cushing's Syndrome?,It is due to a deficiency of cortisol hormone,Enlarged extremities are commonly seen,Osteoporosis is not a feature,A moon face and a buffalo hump are characteristic of the disease,D,False,0.40025192,0.12994277,0.06955335,0.40025192
The main factors determining success in sport are:,a high energy diet and large appetite.,high intelligence and motivation to succeed.,a good coach and the motivation to succeed.,innate ability and the capacity to respond to the training stimulus.,D,False,0.18575697,0.6483555,0.11266729,0.053220257
"In a double stranded molecule of DNA, the ratio of purines : pyrimidines is:",variable.,determined by the base sequence in RNA.,genetically determined.,always 1:1.,D,False,0.25943327,0.33311892,0.33311892,0.07432888
Performance enhancing synthetic steroids are based on the structure of the hormone:,testosterone.,cortisol.,progesterone.,aldosterone.,A,True,0.9694903,0.02012113,0.009504548,0.0008840607
Glycogen breakdown in exercising muscle is activated by:,insulin.,cortisol.,increased pH.,none of the above.,D,False,0.9952596,0.004608966,6.574337e-05,6.574337e-05
Most of the free fatty acids are transported in the blood:,inside the red blood cells.,as lipoproteins.,combined with glucose.,bound to albumin.,D,False,0.09426777,0.8943877,0.006026337,0.005318224
How often should a cannula be flushed?,Every 4 hours.,Every 8 hours.,Every 12 hours.,Every 16 hours.,C,False,0.31281525,0.5844158,0.032970484,0.069798514
The activity of creatine kinase is:,increased when intracellular ADP rises.,increased when muscle pH falls below 6.9.,always lower in Type II fibres than Type I fibres.,increased after a period of endurance training.,A,True,0.5873756,0.3562613,0.01381375,0.042549346
The smallest increments on a mercury and aneroid sphygmomanometer measure are:,10 mmHg.,4 mmHg.,2 mmHg.,1 mmHg.,C,False,0.41832313,0.4740222,0.09334051,0.0143142305
Which of the following is not an abnormal breathing pattern seen in head injury and altered conscious level?,Cheyne-Stokes respiration.,Anaerobic respiration.,Hyperventilation.,Ataxic breathing.,B,False,0.13455772,0.030023884,0.4696526,0.3657658
During CPR chest compressions and ventilations should be delivered in a ratio of:,2:25,15:02,1:05,30:02:00,D,False,0.29514402,0.3789724,0.12303433,0.20284933
A person weighs 62 kg. Their drug dose is 15 mg/kg. How many grams is their dose? Choose one answer from the following:,930,93,9.3,0.93,D,False,0.25346467,0.32545507,0.19739848,0.2236818
An expected side effect of creatine supplementation is:,muscle weakness.,gain in body mass.,muscle cramps.,loss of electrolytes.,B,False,0.99862075,0.0013249505,3.5308734e-05,1.8899404e-05
The cardiac cycle consists of the phases:,"systole, diastole, and rest.","contraction, relaxation, and rest.",diastole and systole.,"diastole, systole, and contraction.",C,False,0.41558406,0.5336205,0.030104807,0.020690711
Which of the following factors does not influence success in sport?,Ability to tolerate heavy training without succumbing to illness or injury.,Tactics.,The diet.,Ingestion of carnitine during exercise.,D,False,0.3441287,0.14345418,0.2087246,0.30369252
The chain of survival has four links. Put the following list in the correct order: 1. Early defibrillation; 2. Early CPR; 3. Recognition and call for help early; 4. Post-resuscitation care.,"3, 1, 2, 4.","3, 2, 1, 4.","1, 2, 3, 4.","2, 1, 3, 4.",B,False,0.06379871,0.15304516,0.36713624,0.41601986
A fundamental cause of fatigue in high intensity exercise is:,a fall in the cell concentration of ADP.,inhibition of ATP production.,failure of the ATP supply to match the demand.,lack of skill.,C,False,0.7056845,0.2596068,0.031005614,0.0037030922
Which of the following is true about possible rectal findings?,The finding of a palpable median groove in the prostate is an adverse finding,Impacted faeces can sometimes be mistaken for a rectal tumour,A thrombosed haemorrhoid is painless,Peri-anal warts can only be demonstrated on proctoscopy,B,False,0.4701323,0.2516437,0.056149296,0.22207476
What commonly causes skin excoriation?,A well-fitting pouch.,Changing the pouch every day.,Leakage of effluent onto peristomal skin.,The use of unscented soap to cleanse the skin.,C,False,0.38797405,0.0980952,0.38797405,0.12595673
Which of the following is true of Systemic Sclerosis?,It affects males more than females,If telangiectasia are seen this clinches the diagnosis,Arachnodactyly is a feature of the disease,Patients have a beaked shaped nose and waxy skin,D,False,0.18046775,0.26257905,0.43291965,0.12403356
A palpable left parasternal impulse suggests which abnormality?,Right ventricular hypertrophy,Aortic stenosis,Aortic regurgitation,Left ventricular hypertrophy,A,False,0.14473607,0.83289856,0.0118806595,0.010484646
"In hypovolaemic shock, what percentage of blood can be lost before it is reflected in changes in heart rate and blood pressure?",5%,10%,20%,30%,D,False,0.30689576,0.18614168,0.39406195,0.112900645
Which of the following best describes the effects of morphine?,Reduces pain intensity and increases alertness.,Reduces pain intensity but also causes sedation.,Reduces pain intensity but also causes diarrhoea.,Reduces pain intensity but also causes insomnia.,B,False,0.4832843,0.4832843,0.0025360433,0.03089533
Which of the following is true of headache?,When associated with neck stiffness is always due to meningitis,Severe pain usually indicates a life threatening cause,Temporal arteritis is strongly associated with rheumatoid arthritis,Tension headaches is a common cause of headache,D,True,0.07074829,0.029492274,0.03786883,0.8618906
Between contractions of the left ventricle the blood continues to flow through the vessels because:,the atria are contracting.,the vessels are contracted.,the right ventricle is relaxed.,the arteries have elastic recoil.,D,False,0.012289388,0.976267,0.00398978,0.0074538905
What might make the nurse think a patient could not use an inhaler?,Severe leg ulcers.,Previous recovery from an acute exacerbation of asthma.,Forthcoming surgery.,"Poor technique, physical impairment, or lack of understanding.",D,True,0.11816931,0.17193532,0.02987788,0.6800174
Removal of adhesive strips:,can be carried out by the patient.,should be undertaken under aseptic conditions.,is a specialist skill.,should not be undertaken until at least seven days after application.,A,False,0.345006,0.5688187,0.0091940975,0.07698124
"During CPR, chest compressions should be delivered at a rate of:",80/minute.,as fast as possible.,100/minute.,varies with each patient.,C,False,0.7510499,0.2151794,0.0137559585,0.0200148
Which of the following physiological characteristics is not important for success in endurance events such as the marathon race?,The ability to regulate body temperature.,The ability to supply oxygen to the exercising muscles.,The availability of body stores of carbohydrate.,Muscle ATP and phosphocreatine content.,D,False,0.5486567,0.10803691,0.084139235,0.25916708
"When using an inhaler, when should a patient be asked to rinse their mouth?",Before using their bronchodilator inhaler.,After using their bronchodilator inhaler.,Before using their steroid inhaler.,After using their steroid inhaler.,D,False,0.9146397,0.0750782,0.0069833603,0.003298706
Muscle lactate production increases when:,oxygen is readily available.,pyruvate cannot be formed from glucose breakdown.,the pH of the muscle falls.,glycolysis is activated at the onset of exercise.,D,False,0.4888713,0.335996,0.051526655,0.123606026
What is the minimum time a stretch should be held for?,0-10 seconds.,10-30 seconds.,30-50 seconds.,60 seconds.,B,True,0.34032014,0.4369797,0.12519678,0.09750336
What three factors regulate stroke volume?,"Blood volume, preload, and afterload.","Preload, contractility, and afterload.","Contractility, blood volume, and blood pressure.","Cardiac output, contractility, and blood volume.",B,False,0.8628889,0.1323283,0.003995968,0.0007868528
Name the bones of the middle finger in the correct order from the hand.,"Proximal phalynx, middle phalynx, distal phalynx.","Distal phalynx, middle phalynx, proximal phalynx.","Middle phalynx, distal phalynx, proximal phalynx.","Distal phalynx, proximal phalynx, middle phalynx.",A,False,0.17301625,0.10493966,0.47030693,0.25173718
Which of the following promotes glucose and amino acid uptake by muscle?,Adrenaline,Insulin,Glycogen,Cortisol,B,False,0.64619535,0.34588346,0.0023305444,0.005590685
An ileostomy opening should be:,flush with the skin.,3-5cm in length.,below skin level.,over 5cm in length.,B,True,0.1477028,0.8499709,0.00087827287,0.0014480272
Which of the following would not be done before catheterizing?,Gain patient consent.,Patient to be washed.,Expiry dates to be checked.,Ring patient's next of kin.,D,False,0.8390244,0.03686416,0.010561759,0.113549605
Hydrogen ions are formed when:,glycogen becomes depleted.,phosphocreatine breakdown occurs.,pyruvate is converted to lactate.,glycolysis is being used as a major means of resynthesising ATP.,D,False,0.24907061,0.46532515,0.091627955,0.19397637
Which one of the following manoeuvres is not a central painful stimulus?,Supra-orbital ridge pressure.,Pressure on the little finger pulp.,Trapezius squeeze.,Sternal rub.,B,False,0.31807232,0.17025183,0.10326296,0.40841293
"Dopamine is prescribed at a rate of 4 micrograms/kg/min. For a 65 kg person, how many milligrams will they receive in an hour?",156,15.6,1.56,15600,B,False,0.28364658,0.15182507,0.41270334,0.15182507
Which of the following is true about the rectal examination?,If the patient refuses a chaperone the doctor can overrule them,The rectal examination is of no value in a neurological examination,The optimum position of the patient is on their right side with their knees extended,The rectal examination is indicated for the assessment of some gastrointestinal disorders,D,True,0.14625677,0.041903265,0.069086805,0.74275315
Why can't a patient talk if the cuff is inflated?,They are unable to breathe in sufficiently.,They are unable to swallow properly.,It is too tiring.,They are unable to pass air through their vocal cords.,D,True,0.024693774,0.031707432,0.016971767,0.92662704
Wound drainage should be assessed for volume and consistency:,each time post-operative observations are undertaken.,daily.,every hour.,only when the wound dressing is changed.,A,False,0.46296278,0.5246056,0.0066038095,0.0058278413
Creatine is synthesized from:,amino acids in the muscles.,amino acids in the liver.,amino acids in the kidneys.,creatinine in the kidneys.,B,False,0.9975325,0.0014997293,0.0009096319,5.815082e-05
"If a catheter resists all attempts to unblock it and you are unable to remove it, what should you do?",Try harder to remove it.,Try harder to unblock it.,Leave it until next time.,Call for assistance from a medical practitioner.,D,True,0.0155856395,0.009453168,0.010711843,0.9642494
Bladder washout solution should be:,warm.,cold.,refrigerated.,room temperature.,D,False,0.8804989,0.1051606,0.007617808,0.006722692
"When developing a plan of care relating to the management of a person's pain, attention should be given to the following needs:",physical and pharmacological needs only.,physical and psychological needs only.,"physical, psychological, and pharmacological needs followed by regular reassessment.","none of the above, as the main priority is to limit drug side effects.",C,False,0.3916669,0.44381672,0.087392695,0.07712378
Patients with the apolipoprotein E gene are at risk of which disease?,Cystic fibrosis.,Huntington's dementia.,Alzheimer's disease.,Depression.,C,True,0.0969329,0.04578786,0.7162427,0.14103654
Which of the following groups of drugs may cause a dry mouth?,Steroids.,Analgesics.,Antidepressants.,Antifungal agents.,C,False,0.784345,0.19831346,0.004663886,0.012677755
Which of the following is not a true statement?,Muscle glycogen is broken down enzymatically to glucose-1-phosphate,Elite endurance runners have a high proportion of Type I fibres in their leg muscles,Liver glycogen is important in the maintenance of the blood glucose concentration,Insulin promotes glucose uptake by all tissues in the body,D,True,0.11999513,0.19783852,0.07278073,0.60938555
"If a patient is cyanosed, what might their oxygen saturation level be?",98% or above.,94% or above.,80% or below.,85% or above.,C,False,0.70162565,0.06526136,0.13815828,0.09495471
When assessing a patient's breathing:,always remove dentures.,look for chest movements and use a mirror to check for exhaled air.,"look for chest movements, listen for breath sounds, and feel for exhaled air on your cheek.",assess for 30 seconds.,C,False,0.35866708,0.35866708,0.09068524,0.19198066
A person is prescribed Ropinirole 1.5 mg divided into three doses. How many micrograms is each dose? Choose one answer from the following:,5,50,0.5,500,D,False,0.052841548,0.50134665,0.23681939,0.20899238
Which of the following is thought to be implicated in the development of peripheral muscle fatigue during multiple sprint activities?,An accumulation of inorganic phosphate.,Development of hyperosmolality in the muscles.,An excess of antioxidants.,A lack of potassium.,A,False,0.17048857,0.03804114,0.11717497,0.67429537
The ATP store in muscle can only supply energy in high intensity exercise for about:,2 milliseconds.,2 seconds.,10 seconds.,20 seconds.,B,True,0.124031425,0.80878645,0.045628607,0.021553429
960 mg of the antibacterial drug Cotrimoxazole is prescribed every 12 hours. What is the daily dose in grams? Choose one answer from the following:,0.192,1.92,1920,0.96,B,False,0.065489516,0.29350364,0.15710118,0.4839057
Which of the following is true of hypothyroidism?,Weight loss,Pre-tibial myxoedema,A raised TSH level,An aversion to warm places,C,True,0.24242312,0.07870326,0.65897435,0.019899301
What is hypochlorhydria?,Increased amount of gastric acid.,Gastric ulceration.,Reduced amount of gastric acid.,Pernicious anaemia.,C,True,0.013124456,0.014871957,0.9200954,0.05190823
"A 67-year-old man, three hours post-transurethral resection of prostate with irrigation, has a blocked catheter. Which solution should be used to complete bladder washout?",Solution R.,Normal saline.,Solution G.,Any of the above.,B,True,0.39332342,0.5722822,0.00925008,0.025144326
A keloid is:,evidence of infection.,a firm mass of scar tissue.,"a fine, hairline scar.",formed if a wound drain is removed too soon.,B,True,0.029297587,0.9702028,0.00017420982,0.00032546677
Which of the following is not an amino acid?,Glutamic acid,Aspartic acid,Glutamine,Palmitic acid,D,True,0.047819942,0.16690801,0.037242208,0.74802977
Wound drainage is described as serous if:,it contains red blood cells.,it is thick and yellow or green.,it contains microorganisms.,it is clear or slightly yellow.,D,False,0.08066912,0.8672747,0.003127881,0.04892829
The sex of a child is dictated by the inheritance of:,the number of X chromosomes from the mother.,a recessive allele on the X chromosome.,a single Y chromosome from the mother.,a single Y chromosome from the father.,D,False,0.57925373,0.3981149,0.010609402,0.012022028
Which of the following is true in spastic paraplegia?,Multiple Sclerosis can cause this neurological pattern,Proprioceptive loss is a common feature,Coordination in the legs is affected,The tone is normal or flaccid,A,False,0.19732293,0.6887247,0.04989105,0.06406138
"The synthesis of glucose from lactate, glycerol, or amino acids is called:",glycogenolysis.,glycolysis.,lipolysis.,gluconeogenesis.,D,False,0.8335042,0.16412671,0.0007600575,0.0016090417
"If a blood unit has been out of refrigeration for longer than the accepted time limit, you should:",transfuse it as soon as possible and annotate the patient's notes with the time of administration.,"dispose of the contents in the sluice area, keeping the bag for record purposes.",return it to the blood bank and inform them of why you have done so.,refrigerate for a minimum of 12 hours and then administer it.,C,False,0.94971955,0.010550431,0.022335263,0.017394722
The auscultatory gap is:,when you can no longer hear the Korotkoff sounds because the bladder is equal with the diastolic pressure.,when the Korotkoff sounds can be heard between systolic and diastolic phases.,when the Korotkoff sounds disappear then return during phase 2 as the bladder is deflated.,When the Korotkoff sounds do not disappear when the cuff is fully deflated.,C,False,0.40861562,0.36060202,0.15032129,0.08046119
How many different types of microorganisms may colonize the mouth?,35,100,350,500,C,False,0.1389426,0.2941415,0.1389426,0.42797336
Why should shampoo not be used for washing the skin when showering or bathing?,It is more slippery than soap or emollients.,It will not produce sufficient lather.,It is not cost-effective.,It can cause dryness of the skin.,D,False,0.41450858,0.19579999,0.10480418,0.2848873
Which of the following is the same strength as Adrenaline 1 in 1000? Choose one answer from the following:,1 mg/mL,1 mg/L,1 g/mL,100 micrograms/mL,A,True,0.42266974,0.08322861,0.37300473,0.12109691
An allele that is masked is referred to as:,recessive.,redundant.,repressed.,reclusive.,A,True,0.813478,0.18151148,0.004268741,0.0007417959
Hypernatraemic dehydration is:,water intake is less than is needed to maintain balance.,water intake is more than is needed to maintain balance.,blood volume is lost due to trauma or burns.,blood volume is lost due to surgery.,A,True,0.9842799,0.014039998,0.0003741533,0.0013059232
Which of the following is not associated with an increase in the work of breathing?,Rise in respiratory rate.,Noisy breathing.,Increase in the use of accessory muscles.,A respiratory rate of 16 breaths per minute.,D,False,0.4653251,0.19397636,0.09162794,0.24907058
Which of the following can act as an intracellular buffer to limit pH changes when the rate of glycolysis is high?,Glutamine,Glucose,Carnosine,Amylase,C,False,0.34148967,0.63798666,0.0055196662,0.015004008
Which of the following is true about Addisons Disease?,It is due to a deficiency of prolactin hormone,Leads to generalized pigmentation,It is a recognized cause of hypertension,Diabetes is a complication,B,True,0.26136714,0.55331427,0.13989976,0.045418803
Which of the following are indicative signs and symptoms of circulatory overload?,"Hypothermia, hypotension, and bradycardia.","Hypotension, oliguria, and uticaria.","Shivering, pyrexia, and thirst.","Dyspnoea, tachycardia, and distended neck veins.",D,False,0.9764797,0.008448205,0.0011433401,0.013928735
What is the most likely cause of acute urinary retention of urine?,Haematuria.,Bladder outflow obstruction.,Drinking alcohol.,Kidney stones.,B,True,0.012423355,0.98690933,0.00029216928,0.00037515283
Which of the following tools is the first choice for cleaning the mouth?,"Small, soft toothbrush.",Gloved finger wrapped in gauze.,Forceps wrapped in gauze.,Foam stick.,A,True,0.99778986,0.0015001163,0.0001581111,0.00055186194
Which of the following drugs may be used to enhance gastric motility?,Adrenaline.,Ditropan.,Erythromycin.,Carbemazepine.,C,False,0.21604334,0.5872667,0.048205785,0.14848427
The creatine kinase reaction is:,irreversible.,slow compared with glycolysis.,not activated until all the ATP has been used up.,inhibited by low pH in the muscle.,D,False,0.18969022,0.35438797,0.10153385,0.35438797
Where should a stoma be sited?,The rectus sheath abdominus.,Next to the umbilicus.,Within an abdominal crease.,In close proximity to the incision site.,A,False,0.20994025,0.73276347,0.01045231,0.046843998
Women's world record performances have improved rapidly in recent years mainly because:,women have evolved a greater muscle mass.,women can now run faster than men.,women have started training at an earlier age.,more women are now engaged in sport.,D,False,0.49171755,0.15963732,0.26319745,0.0854477
Our genetic material is made up of:,deoxyribonucleic acid.,ribonucleic acid.,dinitronucleic acid.,protein.,A,True,0.999203,0.00026105036,4.8289457e-05,0.00048770625
Insensible loss does not come from:,pyrexia.,using unhumidified oxygen.,excessive weight loss.,diarrhoea.,C,False,0.2760573,0.66222703,0.013744083,0.04797157
"Exhaustion, confusion, and unresponsiveness can be indicators of:",respiratory failure.,being generally unwell.,renal failure.,cardiac failure.,A,True,0.93361455,0.0048991595,0.0018023001,0.05968398
"Pairs of electrons carried in the form, FADH2 and NADH+H, collectively contain enough free energy to rephosphorylate:",6 ATP.,5 ATP.,4 ATP.,3 ATP.,B,True,0.192941,0.4628414,0.31810594,0.026111724
A muscle fibre relaxes when:,the nerve stimulus is removed.,the nerve stimulus is too forceful.,the actin binding sites are uncovered.,the actin binding sites are saturated.,A,True,0.8962681,0.044622563,0.044622563,0.014486825
Which of the following best describes the Golgi tendon organ?,Proprioceptive motor receptor found within main muscle body.,Proprioceptive sensory receptor found at the junction between muscle and tendon.,Proprioceptive sensory receptor found within main muscle body.,Proprioceptive motor receptor found at the junction between muscle and tendon.,B,True,0.17976616,0.6274455,0.013022216,0.17976616
The pulse can be palpated:,every time the atria contracts.,when a vein is close to the surface of the skin.,every time the left ventricle contracts.,when an artery is close to the surface of the skin.,D,False,0.47329837,0.47329837,0.026701666,0.026701666
The pyruvate dehydrogenase complex:,is located in the sarcoplasm.,catalyses the conversion of pyruvate to acetyl CoA.,catalyses the conversion of pyruvate to lactate.,catalyses the conversion of lactate to pyruvate.,B,True,0.0066521526,0.98726696,0.00090027094,0.0051807016
Which of the following is true about the knee joint?,The knee is a ball and socket joint,A baker's cyst can sometimes be found anterior to the knee,The patellar tap is used to demonstrate an effusion,'knock knee' deformity is due to bilateral genu varum,C,False,0.8718013,0.0298314,0.049183663,0.049183663
Who is the publication Your guide to the NHS written for?,GPs.,Patient lobby groups.,The general public.,Patients admitted to hospital.,C,True,0.015845716,0.0021444845,0.9803397,0.0016701262
Which of the following is true about the assessment of arm reflexes?,"The root value of the biceps reflex is C5, C6",If no reflex is elicited when you tap a tendon it is documented as absent,The triceps tendon is struck in the antecubital fossa,Brisk finger jerks confirm a lower motor neurone lesion,A,True,0.36029124,0.21852769,0.3179559,0.10322517
Which of these is most likely to cause deviation of the trachea?,A left basal pneumonia,A small right pleural effusion,Previous tuberculosis of the right upper lobe,Idiopathic fibrosing alveolitis,C,False,0.11017014,0.38453156,0.20582493,0.29947346
What is the risk if water is used for bladder washout in secondary care?,Fluid may bypass when the washout is carried out.,Bladder washout may be unsuccessful.,Using water may cause electrolyte imbalance.,The medical staff may be unhappy.,C,False,0.74247587,0.16566877,0.01359892,0.078256376
What is the 'normal' range of flexion at the knee joint?,0-115 degrees.,0-135 degrees.,0-155 degrees.,0-175 degrees.,B,False,0.7667592,0.07131972,0.15098384,0.0109372325
Which of the following is not a controlled drug?,A 30 milligram ampoule of Codeine Phosphate for injection.,A sustained release Morphine tablet.,A 12.5 microgram Fentanyl patch.,A 500 ml bottle of Morphine 10 mg in 5 ml in oral suspension.,D,True,0.20896852,0.23679237,0.11185279,0.44238636
After what period of time does maximal dynamic exercise become predominantly aerobic?,10 seconds,30 seconds,1 minute,4 minutes,C,True,0.025987731,0.033368908,0.86059546,0.08004785
The trigger to initiate the contractile process in skeletal muscle is:,potassium binding to myosin.,calcium binding to tropomyosin.,ATP binding to the myosin cross bridges.,calcium binding to troponin.,D,False,0.28678715,0.68796664,0.023540923,0.0017052989
Which of the following is NOT a sign of phlebitis?,Swelling.,Redness.,Exudate.,Cool to the touch.,D,False,0.59209704,0.31692672,0.020260446,0.07071591
The energy charge of the cell is:,the difference between the charge on the outside and inside of a cell.,generated by the sodium-potassium ATPase.,the overall rate of energy use by the cell.,the extent to which the total adenine nucleotide pool is phosphorylated.,D,False,0.3287146,0.2900896,0.15527378,0.22592203
The sarcoplasmic reticulum in muscle cells acts as a:,store of digestive enzymes.,store of sodium ions.,store of lipid.,store of calcium ions.,D,True,0.023849105,0.016391234,0.06482859,0.8949311
Which of the following parameters are seen on typical neurological observation charts?,Urine output.,Temperature.,Central venous pressure.,Blood glucose.,B,False,0.9527521,0.019773738,0.002084137,0.025389984
"In the discharge checklist recommended by the Department of Health (2004), who should be involved in completing the form?","The GP, consultant, and named nurse.","The nurse, patient, and ward clerk.","The nurse, ward clerk, and consultant.","The nurse, consultant, and GP.",B,False,0.99052244,0.0066740876,0.0013142058,0.0014891903
Which of the following is true regarding the complications of a large goitre?,It causes stridor due to compression of the oesophagus,Dysphagia is an indication for surgery,It causes hoarseness due to compression of the trachea,It causes a more florid thyrotoxicosis than a smaller goitre,B,False,0.64302456,0.12661904,0.06777429,0.16258207
The heart has:,two valves and two chambers.,four valves and four chambers.,two valves and four chambers.,four valves and two chambers.,B,False,0.7298641,0.268502,0.0009683694,0.00066554995
Which one of the following groups of patients should be assessed using an Early Warning Score (EWS)?,Only patients over 60 years of age.,Only patients admitted to the Emergency Department.,Only patients who have been on an Intensive care/High dependency unit.,Any patient who is acutely unwell pre-operatively or post-operatively and those who have undergone major surgery.,D,True,0.054162174,0.061373785,0.037225083,0.84723896
What is the purpose of the cuff on a tracheostomy tube?,To create an air seal within the trachea and reduce the risk of aspirating saliva or gastric contents.,To reduce local oedema.,To assist with swallowing.,To allow the patient to talk.,A,True,0.98948276,0.0016857025,0.006667082,0.0021644847
What type of covalent bonds link the amino acids in a protein?,Peptide bonds,Hydrogen bonds,Ionic bonds,Glycosidic bonds,A,True,0.5870005,0.40343916,0.0050785495,0.004481804
Which is the most reliable way to assess for clubbing?,Inspect the nail-bed angle from above,Assessing the fluctuancy of the nail-bed,Schamroth's sign,Inspect the nail-bed angle from the side,D,False,0.6774678,0.071404584,0.11772626,0.13340132
The term gene doping refers to:,the use of drugs to modify gene transcription.,the use of genetic manipulation techniques to enhance performance in sport.,the activation or inhibition of genes to mask drug taking by athletes.,the use of drugs to modify the myostatin gene.,B,True,0.08341179,0.8967612,0.005332337,0.014494794
Name three of the five main uses of the hand.,"Touch, feel, stroke.","Grip, percussion, sensory.","Tap, slap, clap.","Touch, pinch, grasp.",B,False,0.974536,0.01784925,0.004512997,0.0031017347
Which of the following is true about an abdominal mass?,A pulsatile mass is always due to an aortic aneurysm,An enlarged kidney is dull to percussion,A large mass arising out of the pelvis which disappears following urethral catheterization is caused by an ovarian cyst,An indentible mass is caused by faecal loading of the colon,D,False,0.22671552,0.07360376,0.6162767,0.083403975
Which of the following is not a category used to classify patients according to the Glasgow Coma Scale?,Eye opening.,Verbal response.,Best motor response.,Pupil response.,D,True,0.14251919,0.2073642,0.08644226,0.56367433
Which of these combinations of clinical features is most suggestive of mixed mitral valve disease with a predominance of mitral regurgitation?,Displaced apex beat; soft first heart sound; pan-systolic murmur; short mid-diastolic murmur,"Irregularly, irregular pulse; displaced apex beat; ejection systolic murmur; short mid-diastolic murmur",Displaced apex beat; normal first heart sound; pan-systolic murmur; long mid-diastolic murmur,Tapping apex beat; loud first heart sound; pan-systolic murmur; long mid-diastolic murmur,A,True,0.62370604,0.22944863,0.05119691,0.09564842
"Prior to undergoing a painful procedure, a patient should be informed about what to expect and how their pain will be controlled, as this is associated with:",a reduction in anxiety and perceived pain intensity.,an increased use of analgesia.,a decrease in the frequency of pain-related problems such as nausea and vomiting.,an increased urine output.,A,True,0.9934483,0.002790392,0.0035829342,0.0001783838
The conversion of one molecule of glucose to two molecules of pyruvate results in the net formation of:,six molecules of water.,two molecules of ATP.,three molecules of ATP.,thirty-eight molecules of ATP.,B,True,0.0016959578,0.99550253,0.002177653,0.000623908
The net production of ATP via substrate-level phosphorylation in glycolysis is:,2 from glucose and 3 from glycogen.,2 from glucose and 4 from glycogen.,3 from glucose and 4 from glycogen.,3 from glucose and 2 from glycogen.,A,False,0.084519245,0.37878898,0.37878898,0.15790273
Which of the following is true about rectal bleeding?,A painful digital examination suggests an anal fissure,Bright red blood on the finger usually signifies a caecal lesion,Proctoscopy is of no value in the assessment of rectal bleeding,Rectal cancer is the commonest cause of rectal bleeding,A,False,0.120470054,0.2550351,0.01269745,0.6117974
Mutations are errors in DNA that:,are always harmful.,only occur in the presence of carcinogens.,increase tumour growth.,occur spontaneously at a low rate.,D,True,0.19734433,0.105630815,0.22362043,0.47340447
"When recording peak flow results, within how many litres/minute should the three readings be?",10 litres per minute of each other.,20 litres per minute of each other.,100 litres per minute of each other.,30 litres per minute of each other.,B,False,0.4990932,0.34302142,0.059608184,0.09827728
Peak flow meters record:,the lowest rate of air expelled from the lungs through an open mouth.,forced expiratory volume.,forced vital capacity.,the highest rate of air expelled from the lungs through an open mouth.,D,False,0.046279587,0.9295504,0.0048778327,0.019292202
Which of the following should patients remember when taking paracetamol?,It can interfere with the effectiveness of other drugs such as Warfarin.,It should only be given on an 'as required' basis.,"Patients should carefully check the contents of over-the-counter cold remedies in order to prevent accidental overdose, as such preparations often contain additional paracetamol.",It is contraindicated in patients with pyrexia.,C,False,0.78682417,0.10648507,0.023760032,0.082930654
Which of the following molecules does not form part of DNA?,Purine,Pyrimidine,Deoxyribose,Amino acid,D,True,0.2121819,0.16524743,0.11357279,0.5089979
Which of the following is true about jaundice?,Pale stools and dark urine are characteristic of the jaundice of haemalytic anaemia,Bilirubin is used by the liver in the synthesis of red blood cells,Itching may be a sign of obstructive jaundice,Putting a danger of infection sticker on blood samples from an intravenous drug user with jaundice is optional,C,False,0.7901157,0.121168174,0.023859428,0.06485665
Which of the following nucleotide bases is not found in RNA?,Thymine,Adenine,Uracil,Guanine,A,False,0.29148537,0.057396874,0.22700904,0.4241087
Bronchial breathing is characterized by,Inspiratory component louder and longer with a gap between expiration and inspiration,Expiratory component louder and longer with a gap between inspiration and expiration,Inspiratory component louder and longer with a gap between inspiration and expiration,Expiratory component louder and longer with a gap between expiration and inspiration,B,False,0.5896718,0.24581178,0.048403207,0.11611326
Which of the following drugs is most commonly responsible for patients who present with acute confusion?,Heroin (opiates).,Ecstasy.,Alcohol.,Cannabis.,C,False,0.8788403,0.034076337,0.0234203,0.06366298
The frontal lobe of the brain's cortex is responsible for which of the following?,The sleep/wake cycle.,The ability to draw shapes.,Understanding others' speech.,Visual perception.,B,False,0.07047156,0.03772071,0.033288408,0.8585194
The carpal bones are the small bones of the wrist - name them.,"Scaphoid, lunate, triquetral, pisiform, trapezium, trapezoid, capitate, hamate.","Scaphoid, lunar, triquetrium, pisiform, radius, ulna, capitates.","Scaphoid, proximal phalynx, humerus, hamate, capitate.","Scaphoid, radius, ulna, cunniform, trapezius.",A,True,0.91832334,0.03560726,0.021596896,0.024472488
The process of translation requires the presence of:,"mRNA, tRNA and ribosomes.","mRNA, ribosomes and RNA polymerase.","DNA, mRNA and RNA polymerase.","chromatin, DNA and amino acids.",A,True,0.8953446,0.09436862,0.00994638,0.00034034642
What is 'coring'?,A symptom of phlebitis.,Titration of a drug with its desired effect.,The delivery of medication straight into the bloodstream.,"When drugs are withdrawn from a sealed vial, fragments of the rubber bung can be cut out by the needle.",D,False,0.1574504,0.79959905,0.018804768,0.024145799
What must you ensure before a speaking valve is used?,That the patient is able to swallow properly.,It is seven days after the tracheostomy tube was first inserted.,The cuff is deflated.,The cuff is inflated.,C,False,0.59381574,0.2184526,0.05523347,0.1324982
Which one of the following statements is true with regard to intravenous drug administration?,IV administration of a drug will delay its action.,IV administration carries low risk of bacteraemia.,IV administration allows titration of a drug with its desired effect.,An intravenous cannula should never be used for both drug and fluid administration.,C,False,0.32332504,0.25180578,0.17306343,0.25180578
Which of the following factors can affect enzyme activity?,Temperature.,pH.,The presence of certain metal ions.,All of the above.,D,False,0.0846414,0.70869374,0.027479038,0.17918584
"For very high force contractions lasting 1-2 seconds, the initial energy source is from:",Glycolysis.,creatine phosphorylation.,phosphocreatine stores.,ATP stores.,D,False,0.025872631,0.97086334,0.0027269553,0.00053696934
A change in blood pressure is detected by the:,baroreceptors.,chemoreceptors.,vasomotor centre.,cardiovascular centre.,A,False,0.3952525,0.575089,0.025267646,0.0043908586
Blood clots are responsible for repeatedly blocking a catheter. What should you do?,Call for help.,Inform medical staff.,Inform the patient.,Remove the catheter and recatheterize.,B,False,0.29947364,0.20582502,0.05896985,0.43573156
What is the pH of water?,3.5,7,12,6.25,B,False,0.09123438,0.28102168,0.4088841,0.2188599
How long can a cannula remain in situ?,24 hours.,36 hours.,48 hours.,96 hours.,D,False,0.4990932,0.34302142,0.059608184,0.09827728
Metabolism is determined by the:,size of proteins in the cell.,availability of amino acids.,proteins formed as dictated by the genetic material.,amino acid composition of the ribonucleic acids.,C,False,0.066611834,0.9195479,0.004825345,0.009014931
How many chromosomes do all human somatic cells contain?,3,20,23,46,D,False,0.10803691,0.5486567,0.25916708,0.084139235
Under what circumstances would you use antibiotics prior to catheterization?,If the patient has had a catheter in situ for a week.,If the patient does not have urinary tract infection.,If patient has an artificial heart valve.,If the patient requests them.,C,False,0.46570608,0.15119262,0.063026465,0.3200748
Which of these features suggest that a pulsation in the neck is arterial?,A waggling earlobe,Positive for hepatojugular reflux,No variation with posture,Pressure in the root of the neck reduces the impulse,C,False,0.75120527,0.11520106,0.05441713,0.07917645
The rate limiting enzyme of glycolysis is:,phosphorylase.,hexokinase.,pyruvate dehydrogenase.,phosphofructokinase.,D,False,0.10658242,0.89240366,0.0006746364,0.00033922849
Which of the following is true about haemorrhoids?,Bleeding haemorrhoids lead to melaena per rectum (PR),Pregnancy is a predisposing factor in causing haemorrhoids,Bleeding from first degree haemorrhoids is associated with pain,Second degree haemorrhoids cannot be returned to the anal canal,B,False,0.7065101,0.22937025,0.012940184,0.051179424
Selective Androgen Receptor Modulators (SARMs) are:,steroid drugs that act on androgen receptors mimicking the effects of natural steroid hormones.,steroid drugs that act on androgen receptors antagonising the effects of natural steroid hormones.,non-steroid drugs that act on androgen receptors mimicking the effects of natural steroid hormones.,non-steroid drugs that act on androgen receptors inhibiting the effects of natural steroid hormones.,C,False,0.9932915,0.0052123154,0.0011630247,0.00033321217
"The -oxidation of a molecule of palmitic acid, CH3(CH2)14CO2H:",yields 8 molecules of acetyl-CoA and some ATP and water.,yields 16 molecules of acetyl-CoA only.,yields carbon dioxide and water only.,does not involve oxygen.,A,True,0.6649267,0.1905047,0.05458051,0.089988045
Which products of ADP degradation increase in concentration in the blood during multiple sprint sports?,"Ammonia, hypoxanthine and uric acid.","Ammonia, urea and uric acid.","Ammonia, urea and creatinine.","Ammonia, urea and creatine.",A,True,0.8320381,0.12759718,0.025125373,0.0152393095
The optimum position for performing CPR is to position the patient:,in a semi-recumbent posture.,tilted to the left to keep the heart perfused.,flat on a firm surface.,on the floor with the legs raised.,C,False,0.99342525,0.002790327,0.003161855,0.00062260614
The complete resynthesis of phosphocreatine after very high intensity exercise normally takes:,about 10 seconds.,about 30 seconds.,about 1 minute.,about 4 minutes.,D,False,0.5389885,0.41976464,0.039044194,0.0022027227
What type of joint is the elbow?,Ball and socket joint.,Fused joint.,Synovial hinge joint.,Plain joint.,C,False,0.9816564,0.014002576,0.004011805,0.00032930903
A hypertonic solution is:,a solution that has a higher concentration of solutes than the normal human cell.,a solution that blocks off enteral tubes easily.,a solution that has a lower concentration of solutes than the normal human cell.,a solution with a high fibre content.,A,True,0.98581636,0.0058618784,0.0066423784,0.0016794563
Which of these is not necessary when examining the jugular venous pulse?,Patient's neck muscles should be relaxed,Timing the pulsation with the radial pulse,Good lighting,Patient lying at 45 degree angle,B,False,0.59077233,0.090597875,0.16925912,0.14937064
The maximum sustainable power:,usually remains constant during a race.,declines with the distance of the race.,is improved by a high fat diet.,is inversely related to muscle glycogen content.,B,True,0.36246726,0.41072923,0.055586156,0.17121741
Fast-twitch fibres contain:,a relatively large number of mitochondria and low ATPase activity.,a relatively small number of mitochondria and low ATPase activity.,a relatively small number of mitochondria and high ATPase activity.,a relatively large number of mitochondria and high ATPase activity.,C,False,0.3699091,0.3699091,0.10598074,0.15420106
The rate of blood lactate accumulation is determined by:,the rate of muscle lactate production and the rate of muscle lactate efflux.,the rate of anaerobic glycolysis.,the rate of muscle glucose uptake.,the difference between the rate of lactate appearance and the rate of lactate clearance.,D,False,0.98657596,0.010959868,0.0013089697,0.0011551616
The enzymes of glycolysis are located in the:,mitochondrion.,nucleus.,cytoplasm.,lysosomes.,C,True,0.0009104957,0.00023020936,0.9984798,0.0003795511
"The energy released from the breakdown of the high-energy phosphates, ATP and phosphocreatine, can sustain maximal exertion exercise for about:",1-2 seconds.,5-10 seconds.,30-40 seconds.,50-60 seconds.,B,True,0.049398784,0.772727,0.13427982,0.043594275
Prosthetic groups are:,required by all enzymes in the cell.,loosely bound to enzymes via hydrogen bonds.,sites on the enzyme molecule that permit allosteric modification of enzyme activity.,tightly bound to enzymes and are required for their activity.,D,False,0.52906114,0.19463073,0.055762634,0.22054549
Which of the following is true in peripheral neuropathy?,Sensory loss is demonstrated in a stocking distribution,The tone is increased bilaterally in the legs,Reflexes are very brisk with reinforcement,Weakness is more marked proximally than distally,A,False,0.32179603,0.19517916,0.11838214,0.36464268
Which of the following is true about involuntary movements in the arm?,Alcohol makes the tremor of benign essential tremor worse,Hemiballismus is due to a stroke causing paralysis of the distal half of the arm,A 'milkmaid' grip is sometimes found in dystonia,Writer's cramp is an example of a focal dystonia,D,False,0.5653749,0.18355036,0.0675244,0.18355036
Which of these options is not recognized as a cause of chronic cough?,Gastro-oesophageal reflux disease,Angiotensin Converting Enzyme (ACE) inhibitors,Long-term smoking,Sodium valproate,D,False,0.82275635,0.111347966,0.013298618,0.052597053
Which of the following is recommended for cleaning the mouth?,Hydrogen peroxide.,Water.,Lemon and glycerine swabs.,Normal saline.,B,False,0.68868744,0.19731227,0.09320371,0.02079656
As a general principle what is the best approach to the use of analgesic drugs following surgery?,Give drugs only 'as required'.,Give drugs regularly with provision for additional 'as required' pain relief for breakthrough pain.,Use long-acting drugs twice daily.,Give only when pain scores are high.,B,True,0.31195784,0.66041476,0.015531466,0.012095919
Which of the following best describes nociceptive pain?,"Pain resulting from actual or potential tissue damage, which causes the release of chemical mediators that stimulate nerve fibres to initiate pain signals to the brain.",Pain resulting from pressure upon a nerve or group of nerves.,A disorder of a specific nerve or group of nerves resulting in the release of abnormal pain signals.,"Pain resulting from a disorder of the central nervous system, i.e. following a cerebral vascular accident.",A,True,0.99719584,0.0013230599,0.0013230599,0.00015801696
Complete the following: A variation of serial peak flow readings over a two week period are considered diagnostic in . . .,. . . asthma.,. . . COPD.,. . . pneumonia.,. . . tuberculosis.,A,False,0.13753442,0.791456,0.06496666,0.006042841
Under which circumstances would you not use a catheter valve?,If the patient is post-operative.,If the patient chooses it.,If the patient has bladder sensation.,If urine does not need to be measured.,A,True,0.5835536,0.24326134,0.025639556,0.14754546
Which of the following is true of Paget's Disease?,Bowing of a long bone is a characteristic feature,Spinal cord compression is a common complication,Heart failure is not a recognized complication,Pathological fractures are not a feature,A,True,0.4888567,0.380722,0.04547076,0.08495056
Your first action following confirmation of cardiac arrest is to:,ensure the emergency team/services are called.,give two rescue breaths.,give 30 chest compressions.,check the notes to see if the patient has a DNAR order.,A,True,0.9878235,0.0096842805,0.00033137787,0.002160855
What is an urgent reason for catheterizing a patient?,Acute urinary retention.,Urinary tract infection.,Incontinence.,Because they asked.,A,True,0.99581426,0.0035914672,0.00026016502,0.00033405845
Which of the following is true?,Increasing the protein intake above 3 grams per kg body mass per day will stimulate muscle growth and increase strength.,Creatine supplements can increase muscle strength and power.,Amino acid supplements can increase muscle strength and power.,Muscle damage is induced by shortening contractions.,B,False,0.81901455,0.16127352,0.011682615,0.008029336
"Who has legal responsibility for a patient's care during hospital admission, stay, and discharge?",The named nurse.,The named consultant.,The ward manager.,The GP.,B,True,0.34029263,0.5610477,0.067007594,0.031652145
Endurance training increases the muscle's capacity to:,contract faster.,break down phosphocreatine.,burn fat and carbohydrate.,generate energy anaerobically.,C,False,0.88641137,0.0824491,0.030331329,0.00080830255
An action potential arriving at the motor endplate causes release of:,acetylcholine which traverses the neuromuscular junction.,sodium ions which binds to sodium receptors on the muscle membrane.,calcium ions which initiate an action potential along the muscle fibre.,noradrenaline which increases muscle metabolic activity.,A,True,0.98617005,0.0013084312,0.012414049,0.000107402564
Your patient has diabetes. Why is this important?,These patients are more likely to bleed.,These patients are more likely to get urinary tract infections if their blood sugar is unstable.,These patients are more likely to have clear urine.,These patients are less likely to have catheter encrustation.,B,True,0.22418085,0.69052565,0.0028220206,0.08247153
What is meant by the term 'passive movements'?,"Movement with resistance, stretching at end of range.","Movement without resistance, stretching at end of range.","Movement with resistance, stopping at end of range.","Movement without resistance, stopping at end of range.",D,False,0.82799995,0.16304286,0.0063218577,0.0026353425
What is a tracheostomy?,An opening in the anterior wall of the trachea above the cricoid cartilage.,An opening in the anterior wall of the trachea below the cricoid cartilage.,An opening in the anterior chest wall.,An opening in the posterior wall of the trachea below the cricoid cartilage.,B,False,0.8982806,0.021125536,0.0068584573,0.073735364
Which of the following is true of haematemesis?,A low blood pressure (<90mmHg systolic) and a tachycardia (>100/min) are worrying features,A pulse rate of 80/min in a patient taking Bisoprolol is reassuring,Abdominal pain is always present,An alcohol history is not essential,A,True,0.63638055,0.26528287,0.0522373,0.046099253
Which of the following is true of rheumatoid arthritis?,Rheumatoid factor is present in 25% of rheumatoid cases,It is an example of an oligoarthropathy,Anaemia is a common finding,Heberden's nodes are a feature,C,False,0.3520822,0.16631185,0.1295238,0.3520822
Why should careful consideration be given to providing people aged over 65 with information sources that are internet based?,They may have difficulty reading the screen.,Less than 30% of people over 65 years have access to the internet.,The internet is aimed at younger people.,They may not be able to type.,B,False,0.4490126,0.4490126,0.013559006,0.088415824
Which of the following is true about the carpal tunnel syndrome?,It can be caused by rheumatoid arthritis,It is caused by compression of the ulna nerve,It causes pain and tingling in the medial three and half digits,Paraesthesia is worse during the day,A,False,0.032685112,0.95519906,0.0064360807,0.0056798216
How many CO2 and ATP molecules are formed during one complete turn of the tricarboxylic acid cycle (Krebs' cycle)?,2CO2 and 2ATP,2CO2 and 16ATP,2CO2 and 12ATP,2CO2 and 1ATP,D,False,0.20244606,0.6235778,0.12278975,0.05118638
"Which potential complication of IV therapy is described thus: 'Leakage of vesicant (irritant) medication or fluid into surrounding tissues, causing tissue damage'?",Extravasation.,Phlebitis.,Inflammation.,Infiltration.,A,True,0.8222076,0.16190228,0.010350067,0.0055399914
Which of the following is present in saliva and has an antibacterial action?,Lysozyme.,Amylase.,Sodium chloride.,Mucus.,A,True,0.9321559,0.05959073,0.0033618791,0.0048915055
The genome is:,the number of chromosomes found in the somatic cells of an organism.,the entire DNA sequence of an organism.,the entire list of proteins that an organism is capable of producing.,the DNA sequence of an entire chromosome.,B,True,0.118461095,0.87531567,0.0021696908,0.0040535154
Alterations in which neurotransmitters in the brain by pharmacological agents has been shown to influence fatigue development?,Acetyl choline and noradrenaline.,Dopamine and acetyl choline.,Glutamate and serotonin.,Dopamine and serotonin.,D,False,0.91080916,0.01890324,0.051384337,0.01890324
In all-out exercise such as sprinting the first fibre types to fatigue are the:,Type I fibres.,Type Ia fibres.,Type IIa fibres.,Type IIX fibres.,D,False,0.93569463,0.059816957,0.0038239702,0.00066450634
The main fate of lactate that leaves muscle and enters the circulation is:,conversion to urea in the liver.,conversion to glucose in the heart.,excretion via the kidneys.,uptake and oxidation by other tissues.,D,False,0.028475927,0.0034009644,0.94299316,0.025129916
The most rapid method to resynthesize ATP during exercise is through:,glycolysis.,phosphocreatine breakdown.,tricarboxylic acid cycle (Krebs' cycle).,glycogenolysis.,B,True,0.037263837,0.96104705,0.0012750984,0.00041396386
Which of the following is true in a sensory assessment of the arm?,It is acceptable to test pain with a venepuncture needle,Proprioception is appreciated via the same tracts as light touch,It is best to test vibration sense with a 256 Hz tuning fork,Impulses for pain travel principally up the dorsal columns,B,False,0.6526395,0.14562356,0.08832515,0.11341174
The blood glucose concentration during 80-90 minutes of intermittent high intensity exercise:,frequently rises by 1 - 3 mM.,remains relatively unchanged.,frequently falls by 1 - 3 mM.,falls to hypoglycaemic levels.,A,True,0.53496796,0.25270095,0.092963494,0.11936749
One of the most common reasons for stoma formation is:,irritable bowel syndrome.,haemorrhoids.,carcinoma.,bladder instability.,C,False,0.059935547,0.9375497,0.00019076171,0.0023239534
A surgical support can be used for:,prolapsed stomas.,high output stomas.,herniation around the stoma.,retraction of the stoma.,C,False,0.5873098,0.4036517,0.0039572623,0.005081225
What size of catheter bag may be used at night?,350ml.,500ml.,1L.,2L.,D,False,0.18030016,0.5553636,0.1404179,0.12391837
Anaerobic metabolism refers to the generation of ATP:,without the involvement of ADP.,without the use of glycogen.,without the use of oxygen.,in the absence of available oxygen.,C,False,0.19404839,0.3625301,0.08089141,0.3625301
Approximately how many kJ of energy are expended if an athlete's steady-rate oxygen uptake averages 3.0 l/min for 5 minutes of exercise?,60 kJ,150 kJ,300 kJ,500 kJ,C,True,0.24621314,0.24621314,0.35823798,0.1493358
A patient has been on the operating table for four hours. How long may it take for any pressure damage to be visible?,12 hours.,72 hours.,24 hours.,5 days.,B,False,0.16702813,0.18926768,0.40067968,0.24302451
Eccrine and apocrine glands are both types of:,sweat glands.,salivary glands.,chemoreceptors.,tear ducts.,A,True,0.99973506,0.00023049877,2.1439726e-05,1.3003852e-05
Which of the following is true of the assessment of power in the arms?,Grade 3/5 (MRC scale) represents movement of the arm only when gravity is eliminated,Flexion at the elbow is produced by the triceps muscle,The root value of shoulder abduction is C5,Grade 1/5 power represents no movement or muscle contraction,C,False,0.5425782,0.2562958,0.106839985,0.09428596
"Two of the following are evident - pain at IV site, erythema, and swelling. What stage on the phlebitis scale is this and what should you do?",Stage 1 - observe cannula.,Stage 2 - re-site cannula.,Stage 3 - re-site cannula and consider treatment.,Stage 0 - do nothing.,B,True,0.08880759,0.6562043,0.21303834,0.041949734
Which hormone is primarily responsible for fluid regulation?,Antidiuretic hormone.,Insulin.,Adrenaline.,Testosterone.,A,True,0.9977817,0.0021826387,2.4246923e-05,1.1453436e-05
The low intake of carbohydrate in the diet:,does not influence exercise performance in events lasting less than 10 minutes.,affects the resting muscle pH.,may impair high intensity exercise performance.,results in greater reliance on muscle glycogen during exercise.,C,False,0.44154376,0.111639746,0.14334826,0.3034683
Phophocreatine resynthesis during recovery from exercise is inhibited by:,an excess of creatine.,hyperventilation.,an excess of oxygen.,a lack of oxygen.,D,False,0.08066912,0.8672747,0.003127881,0.04892829
The transcription of DNA to a molecule of messenger RNA occurs:,on the ribosomes.,in the cytosol.,in the nucleus.,only during cell division.,C,False,0.37902445,0.5514773,0.045268014,0.024230223
Oedema is the presence of:,excessive intravascular fluid.,excessive extravascular fluid.,excessive intracranial fluid.,excessive necrotic cells.,B,False,0.67848456,0.3204934,0.00090020004,0.00012182883
Why should the short-acting bronchodilator be taken first?,"It works to dilate the airways quickly, allowing better deposition of other medications.",They are colour-coded.,It is warmer than the others.,It is less moist than the others.,A,True,0.91684204,0.024433013,0.013078049,0.045646876
Which of the following is true about an intention tremor?,It is worse at rest,It is caused by Parkinson's Disease,It is indicative of a cerebellar lesion,Dyscalculia is a common association,C,False,0.17517631,0.47617856,0.09376512,0.25488
Glucose is transported into the muscle cell:,via protein transporters called GLUT4.,only in the presence of insulin.,via hexokinase.,via monocarbylic acid transporters.,A,True,0.9942228,0.0040631616,0.0011641152,0.0005498891
Oxygen is used:,in glycolysis.,in the conversion of fatty acids to acetyl CoA.,in the tricarboxylic acid cycle (Krebs' cycle).,in glycogenolysis.,B,True,0.12691508,0.8275903,0.028318582,0.017176088
Measuring the blood pressure in an arm that is above the level of the heart will:,accurately estimate the blood pressure.,overestimate the blood pressure.,cause an auscultatory gap.,underestimate the blood pressure.,D,False,0.9615201,0.032901406,0.004452721,0.0011258242
When you are taking a musculoskeletal history which of the following is true?,Drugs may be implicated in the causation of gout,A history of diarrhoea is not relevant,Difficulty rising from a chair is diagnostic of polymyalgic rheumatica,Joint stiffness of 5 minutes duration suggests an arthropathy,A,True,0.6159436,0.10703495,0.12128649,0.15573493
Why are male patients advised to take their own electric razor to hospital?,For patient comfort.,To make hospital as familiar as possible.,To minimize risk of cross-infection.,To allow shaving at a time convenient to the patient.,C,False,0.27659255,0.04806458,0.08979645,0.58554643
Which organ secretes insulin?,The gastric parietal cells.,The pancreas.,The walls of the large intestine.,The autonomic nervous system.,B,True,0.046820153,0.94040793,0.0055918703,0.007180103
"When teaching a patient inhaler technique, how will you ensure that a large proportion of the drug reaches the lower airways?","Ask them to take lots of small, quick breaths in before using the inhaler.",Ask them to breathe normally when using the inhaler.,Ask them to perform the procedure as quickly as they can.,Ask them to hold their breath at the end of the inspiration on using the inhaler.,D,False,0.44296664,0.18465596,0.06793114,0.30444622
Why should a patient stand or sit as upright as possible when recording a peak flow rate?,To ensure best lung expansion and accuracy and consistency of readings.,This is the most comfortable position to perform any breathing test.,The counter on the meter will not move if the patient is lying down.,To ensure that their technique can be observed easily.,A,True,0.9989429,0.00033510802,0.0006260642,9.601005e-05
Why might a patient need a tracheostomy?,To repair vocal cords after paralysis.,To aid swallowing.,As an aid to weaning patients from a ventilator.,Prior to neck surgery.,C,False,0.033561837,0.08051067,0.020356284,0.8655712
"In general, the higher the intensity of exercise, the greater the proportional contribution of:",aerobic energy production.,anaerobic energy production.,the TCA cycle (Krebs' cycle) to the production of ATP.,the electron transfer chain to the production of ATP.,B,False,0.9189113,0.07542883,0.0048220037,0.0008379386
What is the second commonest hospital acquired infection?,Urinary infection.,Wound infection.,Upper respiratory tract infection.,Ventilator-associated pneumonia.,D,False,0.012402035,0.98521566,0.00022715119,0.0021551505
Phosphocreatine in the muscle cell is found in:,the mitochondria.,all subcellular compartments.,the sarcolemma.,the cytoplasm.,D,False,0.9701291,0.02281525,0.0012871482,0.0057685985
The patient's self-report of pain is important because health care staff:,can overestimate the intensity of the patient's pain.,underestimate the intensity of the patient's pain.,do not possess an objective way of assessing pain.,can use the information to prescribe and administer the least possible amount of pain relief.,C,False,0.63659143,0.110623,0.04611453,0.20667098
